arm,fold_name,spearman
conventional,A*01:01,0.08953834345964795
conventional,A*02:01 +8,0.24720395549098184
conventional,A*03:01 +3,0.3614128314978469
conventional,A*23:01 +4,0.2080848723361286
conventional,A*25:01 +5,0.2544937568580661
conventional,A*29:02,0.4520046774982691
conventional,A*31:01 +4,0.3656197257210768
conventional,A*68:01 +3,0.6091209605373502
conventional,A*80:01,0.4461292896930016
conventional,B*07:02 +3,0.36150138301395984
conventional,B*08:01 +1,0.14221745457146737
conventional,B*14:01(C67S) +5,0.28917921773301075
conventional,B*15:01 +5,0.3109010318886783
conventional,B*15:17 +4,0.11894958775892266
conventional,B*18:01,0.280124210819561
conventional,B*27:02 +3,0.3062341396476257
conventional,B*40:01 +3,0.33729094135909393
conventional,B*44:05,0.30691680814010613
conventional,B*46:01,0.06052355206629957
conventional,B*51:01,0.5264253595151251
conventional,B*54:01 +2,0.5416579074141307
foundation,A*01:01,-0.01782986074257389
foundation,A*02:01 +8,0.20735873230012164
foundation,A*03:01 +3,-0.023686212496163837
foundation,A*23:01 +4,0.040597835516960626
foundation,A*25:01 +5,0.2265971089243236
foundation,A*29:02,0.29351925490652747
foundation,A*31:01 +4,0.3186941664413965
foundation,A*68:01 +3,0.27653346292230474
foundation,A*80:01,0.3900510183318281
foundation,B*07:02 +3,0.22282186557196418
foundation,B*08:01 +1,0.07590771412896322
foundation,B*14:01(C67S) +5,0.17955086440496903
foundation,B*15:01 +5,0.2562312361384863
foundation,B*15:17 +4,0.06052883405649441
foundation,B*18:01,0.018578726357467542
foundation,B*27:02 +3,0.04938230296734172
foundation,B*40:01 +3,0.2280478886411701
foundation,B*44:05,0.1454441465641009
foundation,B*46:01,0.056925473190587446
foundation,B*51:01,0.4837103651246962
foundation,B*54:01 +2,0.31042413475861336
blend,A*01:01,0.04543279342092093
blend,A*02:01 +8,0.2567750854783346
blend,A*03:01 +3,0.18620428454980775
blend,A*23:01 +4,0.1274045264545904
blend,A*25:01 +5,0.25721107665346427
blend,A*29:02,0.42536718064315737
blend,A*31:01 +4,0.3536054540277044
blend,A*68:01 +3,0.4973477657225412
blend,A*80:01,0.4564816975235266
blend,B*07:02 +3,0.3116003638225632
blend,B*08:01 +1,0.11587172923514341
blend,B*14:01(C67S) +5,0.26718991920481994
blend,B*15:01 +5,0.30912650877303777
blend,B*15:17 +4,0.10164236305672444
blend,B*18:01,0.18544286467004112
blend,B*27:02 +3,0.19338621386551344
blend,B*40:01 +3,0.32804725460851664
blend,B*44:05,0.24846820260265745
blend,B*46:01,0.06666315415170278
blend,B*51:01,0.5716005407844469
blend,B*54:01 +2,0.457799236813684
