arm,cells,folds,seeds,median_all_cells,perfold_mean_then_median
A_supervised_nn,105,21,5,0.2774772022820874,0.26514060615559243
I_perres_B_pseudo_mlp,105,21,5,0.1659301838008233,0.1643451498074622
K_perres_mlp,63,21,3,0.1682257901708271,0.14730326041935846
J_hybrid_pr,21,21,1,0.1320599897665295,0.1320599897665295
FG_finetune_gpu,63,21,3,0.132716125710643,0.1266246253089487
F_finetune,7,7,1,0.1257071252146669,0.1257071252146669
I_perres_B_pseudo,21,21,1,0.1247487526388987,0.1247487526388987
K_perres_mlp__drop,63,21,3,0.1266045700251867,0.1239375449893695
G_650m_B_mlp,105,21,5,0.1202888074977856,0.12244324016839052
I_perres_B_pseudo_mlp__drop,105,21,5,0.1266045700251867,0.11872653028898406
J_conv,21,21,1,0.1147557115772878,0.1147557115772878
J_conv__drop,21,21,1,0.1074744130766587,0.1074744130766587
J_hybrid_pr__drop,21,21,1,0.1060737570896168,0.1060737570896168
I_pooled_B_pseudo_mlp__drop,105,21,5,0.0917929393453465,0.10539155360839299
I_pooled_B_pseudo_mlp,105,21,5,0.106915380997832,0.10270961655195272
J_hybrid,21,21,1,0.0971524026158352,0.0971524026158352
K_pooled_mlp__drop,63,21,3,0.092062710131228,0.09670324026855649
K_pooled_mlp,63,21,3,0.1046574020488141,0.09611397531498089
B_esm_pseudo_mlp,105,21,5,0.0964714196973774,0.09199246822514924
I_perres_B_pseudo__drop,21,21,1,0.0917878602743632,0.0917878602743632
G_650m_B_ridge,105,21,5,0.0900871816562608,0.0900871816562608
G_650m_D_peptide_only,105,21,5,0.0904060573810892,0.08848603326232271
J_hybrid__drop,21,21,1,0.0857099290761881,0.0857099290761881
C_esm_joint,210,21,5,0.0712055692499968,0.0774377861863545
I_perres_D_peptide_only,21,21,1,0.0696904703394049,0.0696904703394049
I_pooled_D_peptide_only,21,21,1,0.0681924549751549,0.0681924549751549
I_pooled_B_pseudo__drop,21,21,1,0.061535239692652,0.061535239692652
J_esm__drop,21,21,1,0.061535239692652,0.061535239692652
J_esm,21,21,1,0.0604669020795846,0.0604669020795846
I_pooled_B_pseudo,21,21,1,0.0604669020795846,0.0604669020795846
B_esm_pseudo,105,21,5,0.0604669020795846,0.06046690207958459
D_peptide_only,105,21,5,0.0742152343632367,0.05563426700956742
I_perres_D_peptide_only__drop,21,21,1,0.042846585277906,0.042846585277906
I_pooled_D_peptide_only__drop,21,21,1,0.0340428871434377,0.0340428871434377
E_allele_mean__tiebreak__drop,105,21,5,-0.0028119647641591,0.0036324735841935796
E_allele_mean__tiebreak,105,21,5,0.0046804922616774,0.00040111742942666105
