arm,median_tied,median_drop,nfolds_tied,nfolds_drop,vsA_tied_delta,vsA_tied_wins,vsA_tied_n,vsA_tied_p,vsA_drop_delta,vsA_drop_wins,vsA_drop_n,vsA_drop_p,vsCTRL_tied_delta,vsCTRL_tied_wins,vsCTRL_tied_n,vsCTRL_tied_p,vsCTRL_drop_delta,vsCTRL_drop_wins,vsCTRL_drop_n,vsCTRL_drop_p
A_supervised_nn,0.30691680814010613,0.2778387716146717,21,21,,,,,,,,,,,,,,,,
M_ctrl_armA_repl,0.3042303888386486,0.24322130057197516,21,21,-0.01809214297483086,8.0,21.0,0.41198158264160156,-0.004273020837384234,10.0,21.0,0.6578273773193359,,,,,,,,
M_feat_best,0.3006851267081532,0.2518840728615503,21,21,0.007231435642840289,11.0,21.0,0.47333431243896484,0.018951315968603055,12.0,21.0,0.6578273773193359,0.02993345266820996,15.0,21.0,0.20291709899902344,0.011300497333348813,12.0,21.0,0.8116779327392578
M_tune_best,0.32944433477822144,0.30457374240613744,21,21,0.027489616906280212,14.0,21.0,0.10321426391601562,0.042456566540144014,15.0,21.0,0.08219528198242188,0.05202036950286093,15.0,21.0,0.042079925537109375,0.036349218395810734,14.0,21.0,0.08219528198242188
M_tobit,0.2788217871833587,0.2161700642356151,21,21,0.015403428131472274,12.0,21.0,0.47333431243896484,0.015548463578787391,11.0,21.0,0.5854024887084961,0.019654591046316117,13.0,21.0,0.2572479248046875,-0.00015731170116439763,10.0,21.0,0.785365104675293
M_tobit_base,0.3281027175005521,0.269155595157199,21,21,-0.0052265199447594085,10.0,21.0,0.9728584289550781,0.0008169655183869473,11.0,21.0,0.8116779327392578,0.009756465291755001,14.0,21.0,0.1789875030517578,-0.00021958350717377062,10.0,21.0,0.9186935424804688
M_head_best,0.2632711391819675,0.204313747362455,21,21,0.008627800521278872,11.0,21.0,0.6091489791870117,-0.007458199861099746,10.0,21.0,0.6332969665527344,-0.005476519869905938,10.0,21.0,0.785365104675293,-0.006616885677136447,9.0,21.0,0.6578273773193359
M_stage4_best,0.3038106529493829,0.2682857026404572,21,21,0.037399860744311286,13.0,21.0,0.1372833251953125,0.01769234350767629,11.0,21.0,0.32045745849609375,0.04891886366231346,16.0,21.0,0.06464958190917969,0.010382899769136644,11.0,21.0,0.39258384704589844
M_towers_best,0.3017794523834919,0.26531163666267116,21,21,0.004630105912253546,14.0,21.0,0.4319114685058594,0.02382973238126307,14.0,21.0,0.45236778259277344,0.012936734042171771,13.0,21.0,0.1789875030517578,0.029856124893001823,14.0,21.0,0.2572479248046875
M_pwm_best,0.23430032258221287,0.21361177877187593,21,21,-0.077570569696295,4.0,21.0,0.0032787322998046875,-0.04781992343599502,6.0,21.0,0.008009910583496094,-0.06730292734811713,8.0,21.0,0.012691497802734375,-0.049674234534153865,5.0,21.0,0.02385425567626953
M_ctrl_split1,0.2741637921215245,0.24864497902697552,21,21,-0.00011616211563994505,10.0,21.0,0.7334699630737305,0.012720543202946799,12.0,21.0,0.45236778259277344,0.010905645136821407,13.0,21.0,0.49480247497558594,0.02086917069583738,13.0,21.0,0.785365104675293
M_ctrl_split2,0.2856482440213001,0.2497647095502626,21,21,-0.020206295584808465,7.0,21.0,0.12807846069335938,-0.017494842290431023,6.0,21.0,0.2428417205810547,-0.014045426133614536,7.0,21.0,0.2572479248046875,-0.007408392862877061,8.0,21.0,0.20291709899902344
M_blend_inner,0.3539653151434382,0.32509702509109933,21,21,0.056269153004535444,16.0,21.0,0.05019187927246094,0.04050510590854883,15.0,21.0,0.05019187927246094,0.06849486147571365,16.0,21.0,0.01578044891357422,0.02592437259073216,14.0,21.0,0.05019187927246094
M_blend_net_tree,0.35247506330240846,0.2777194780227949,21,21,0.031787313786428184,13.0,21.0,0.1372833251953125,0.02388373832169871,12.0,21.0,0.16780662536621094,0.05950605592925928,14.0,21.0,0.06464958190917969,0.042215556589063424,13.0,21.0,0.1789875030517578
M_blend_diverse,0.34098783983578884,0.30438291552574237,21,21,0.053558746696258486,14.0,21.0,0.11934185028076172,0.062079961021772934,12.0,21.0,0.09579944610595703,0.06406746371802666,14.0,21.0,0.04599285125732422,0.023808349579791055,14.0,21.0,0.11934185028076172
