arm,frac_test_rows_peptide_seen,median_rho_seen_peptides,n_folds_seen,median_rho_novel_peptides,n_folds_novel
A_supervised_nn,0.8692532199784091,0.30691680814010613,21,0.2988109592915479,12
M_ctrl_armA_repl,0.8692532199784091,0.29700447046531375,21,0.2718277047549851,12
M_feat_best,0.8692532199784091,0.2959664098488509,21,0.2878553852275857,12
M_tune_best,0.8692532199784091,0.3218209163737562,21,0.3502762470123739,12
M_tobit,0.8692532199784091,0.31744610719623123,21,0.2372068036710321,12
M_tobit_base,0.8692532199784091,0.26849105736362283,21,0.26864471452589045,12
M_head_best,0.8692532199784091,0.2736997872029501,21,0.17624786266351533,12
M_stage4_best,0.8692532199784091,0.30972836327665276,21,0.31375043588605045,12
M_towers_best,0.8692532199784091,0.33639273906216394,21,0.29814999202420756,12
M_pwm_best,0.8692532199784091,0.21590563466327975,21,0.15355649950743883,12
M_ctrl_split1,0.8692532199784091,0.2741637921215245,21,0.3108282682904175,12
M_ctrl_split2,0.8692532199784091,0.26960793262962596,21,0.2914098495789183,12
M_blend_inner,0.8692532199784091,0.35754004199663697,21,0.3211416461381327,12
M_blend_net_tree,0.8692532199784091,0.3662490301699426,21,0.2756901976969147,12
M_blend_diverse,0.8692532199784091,0.34229252215831396,21,0.27488174889949746,12
