fold_name,A_supervised_nn,M_ctrl_armA_repl,M_feat_best,M_tune_best,M_tobit,M_tobit_base,M_head_best,M_stage4_best,M_towers_best,M_pwm_best,M_ctrl_split1,M_ctrl_split2,M_blend_inner,M_blend_net_tree,M_blend_diverse
A*01:01,0.08953834345964795,0.0862360162177906,0.18940371880624476,0.3118711757892315,0.15419280259419216,0.11971429599237902,0.1535365094561484,0.23807089965107314,0.1597013798782875,0.043957544605928864,0.07981291361590584,0.13224363114152607,0.24406250377405114,0.18874476543747729,0.15906388379791025
A*02:01 +8,0.24142610828649672,0.30160324993033,0.17055244892373242,0.2478620258761868,0.19417512403499243,0.2967325394508286,0.20570137098395835,0.24293603100047967,0.3017794523834919,0.23430032258221287,0.265304063810003,0.2864614523127431,0.2511765694790786,0.22531042413831584,0.29531641979021306
A*03:01 +3,0.4216238741668297,0.4507955921216673,0.4817685764307643,0.5187620927137258,0.4687782786240622,0.4553151060700691,0.44531907225176137,0.4939679111399304,0.4994837292075902,0.2856928224828786,0.4205148610905465,0.44979449547744765,0.5222780271304703,0.5103016480509266,0.4747570972538854
A*23:01 +4,0.19455218334425942,0.16937066797361952,0.22904622878644001,0.28599164787916087,0.2183531881124521,0.17531091941817487,0.41786880231917206,0.2526213267635255,0.19838068910434142,0.21361177877187593,0.19443602122861947,0.16342400059825843,0.37092599845885216,0.4423723139166247,0.4158873030680276
A*25:01 +5,0.21876787740024306,0.17193092287548523,0.3006851267081532,0.33085511651083277,0.2745072567543291,0.24136764005211814,0.24738009921192378,0.3038106529493829,0.2233979833124966,0.19831110551304007,0.1206270051010159,0.1401943619171356,0.33325575079265213,0.3256481293955877,0.34098783983578884
A*29:02,0.4520046774982691,0.5055973655587906,0.505334244003964,0.5775166515972573,0.49723422541668594,0.439304092879054,0.21361505260188315,0.5367521546289253,0.4587184451969774,0.2895459270570755,0.4669437190491852,0.48412367561293973,0.5161974141673533,0.41461004122015127,0.4276489047458479
A*31:01 +4,0.31617697814267554,0.35238078285308383,0.4722882285451662,0.4836863874279222,0.4482050218735364,0.4103618467920395,0.451416925049802,0.5026220384750815,0.41723618675902124,0.4024285450702097,0.2741637921215245,0.26960793262962596,0.503502867224171,0.5375800666407904,0.5045033511083081
A*68:01 +3,0.6091209605373502,0.6031754593522827,0.575795201798941,0.6026185519004952,0.5817870587154561,0.6129319246440377,0.3579047404309621,0.5851496418621678,0.6099171747368928,0.3691223650728065,0.6094832530413309,0.5728589668813371,0.5954872603983172,0.5494820954310983,0.534732960782203
A*80:01,0.4461292896930016,0.4188621383846741,0.4448886610607712,0.4845127211706945,0.46153271782447386,0.42596748991672795,0.45475709021428046,0.48352915043731287,0.39876194996259706,0.3090782223812309,0.48570235093079095,0.4272465887964352,0.5066015763795093,0.5008092802506564,0.49968803638926007
B*07:02 +3,0.3892063692853788,0.3042303888386486,0.13809035529329128,0.1502539015280356,0.1947709868456684,0.3281027175005521,0.12446236877955508,0.17664540177035717,0.26058292088323626,0.06361485427671114,0.3839592546570109,0.28560124003624754,0.19000398125780008,0.20796052599924075,0.17113610997535422
B*08:01 +1,0.14221745457146737,0.11768670197488665,0.13004726303770062,0.16970707147774758,0.14393214852025302,0.10863821671469143,0.16277053461246885,0.1752608944337879,0.10308296678447933,0.16069941936738283,0.13234718667213677,0.09559619618646906,0.17492867336556533,0.1649540639200661,0.1817541656929133
B*14:01(C67S) +5,0.24632408555741175,0.21607337939959675,0.22544377839755078,0.23159774342325676,0.19818481152035622,0.2364214713888556,0.08881726817104532,0.2327545608072582,0.2974987829731782,0.23447661412855036,0.2341470024448707,0.2377467500647325,0.22630658284966781,0.19179105781274727,0.3079384929671262
B*15:01 +5,0.39055322526440567,0.36912782848200665,0.4049753384531253,0.41128317469609477,0.34994287601849816,0.37988265027729945,0.2632711391819675,0.375086538716508,0.3622339330237201,0.07896188955827657,0.39909030764295994,0.37197206523477927,0.3975315834370641,0.3662490301699426,0.30792641717726676
B*15:17 +4,0.09569980626591061,0.11184663236342456,0.26371793657980913,0.32642814928802105,0.22228599226186746,0.0904732863211512,0.18180882192417003,0.2821677796191126,0.24974261600609096,0.23527559919976604,0.12275227750024596,0.0600159602749369,0.3245860993676779,0.29802476083839335,0.3510508081443444
B*18:01,0.280124210819561,0.32345600501999217,0.36315497057821994,0.37502453929603174,0.3431105960663083,0.3357906651347935,0.2918442024046726,0.3723748686823056,0.33639273906216394,0.10409919229627042,0.26837617352206816,0.34481502229977634,0.3919508664957058,0.37822694982298477,0.30862751056326765
B*27:02 +3,0.30279745314776146,0.3184817061317338,0.2597088669904128,0.2639178173162499,0.2788217871833587,0.3664263478246302,0.09333376607429211,0.24939240475692884,0.2542831825728003,0.21014608074713104,0.3424554501048393,0.3044362799981193,0.2413966993590736,0.1956954585714732,0.22372619550922107
B*40:01 +3,0.33501361816075004,0.26659312081841685,0.31392395059721784,0.32944433477822144,0.30770919237279853,0.2390549185798367,0.32268140423607555,0.33075499373422307,0.3454390023693404,0.1012808022070615,0.24657032632887643,0.23287290129912633,0.3539653151434382,0.35247506330240846,0.31212016490833605
B*44:05,0.30691680814010613,0.2888246651652753,0.3141482437829464,0.329682627434254,0.3925098268624616,0.25684469266358695,0.2736997872029501,0.3831875179185166,0.19186359788939758,0.29412333303007554,0.3612422236322323,0.2856482440213001,0.3631859611446416,0.3387041219265343,0.3674692087616326
B*46:01,0.06052355206629957,0.09358759410016014,0.216039136103858,0.2533376429237723,0.2513693941038562,0.138084109399115,0.0485174854349875,0.18749985870214808,0.08534775816798242,0.016178003262901437,0.10151835852041872,0.07384707237074513,0.2051619699691933,0.15628343653496554,0.13101980521427525
B*51:01,0.5264253595151251,0.4774417369921688,0.5073751896603788,0.4690399263316011,0.484225851322928,0.5309222598289851,0.5549153338053125,0.4857704082943043,0.5281926989722866,0.42712975744136256,0.5202939408190171,0.5009010399306564,0.5397399495938815,0.5721792856697113,0.5847590838316532
B*54:01 +2,0.5213328860642558,0.4138494697655428,0.09096522136798434,0.11100796793620002,0.1149736799390077,0.38224883311620717,0.6809059646223395,0.19784124296082115,0.45298371885628735,0.44376231636796076,0.5861333337190716,0.5011265904794473,0.3095761423690919,0.4923392954090999,0.5126725640722394
