ts,split,encoding,head,loss,n_seeds,n_train,n_test,fit_s,censored_policy,rho_median,rho_iqr_lo,rho_iqr_hi,rho_worst,n_alleles,top10_median,euc_median,coverage68_median,rmse_uncensored,sigma_mean,euc_seed_median,coverage68_seed_median,sigma_seed_mean,held_out,note
2026-10-03 13:16:51,random,concat,ridge,naive,5,22532,5634,0.52,tied,0.2413,0.0978,0.3421,-0.2446,68,0.2,0.066,0.7861,0.7234,0.9131,0.066,0.2168,0.3001,,
2026-10-03 13:16:57,random,concat,ridge,tobit,5,22532,5634,6.15,tied,0.2258,0.1161,0.2877,-0.2666,68,0.2,0.0276,0.8309,0.7572,0.9899,0.0276,0.2113,0.2429,,
2026-10-03 13:17:52,random,concat,mlp,naive,5,22532,5634,54.47,tied,0.3624,0.2337,0.49,-0.1089,68,0.3,-0.0064,0.7265,0.6184,0.7447,-0.0064,0.2227,0.2409,,
2026-10-03 13:18:48,random,concat,mlp,tobit,5,22532,5634,55.37,tied,0.3792,0.2372,0.468,-0.0823,68,0.2,-0.0088,0.8347,0.6621,0.9189,-0.0088,0.2689,0.2558,,
2026-10-03 13:19:27,random,concat,mlp,twopart,5,22532,5634,38.63,tied,0.3816,0.2411,0.5086,-0.1042,68,0.3,0.1452,0.7647,0.6127,0.8289,0.0578,0.2707,0.2798,,
2026-10-03 13:19:27,random,joint,ridge,naive,5,22532,5634,0.62,tied,0.2582,0.1728,0.4347,-0.1704,68,0.2,0.0366,0.6633,0.667,0.6856,0.0366,0.1132,0.1231,,
2026-10-03 13:19:32,random,joint,ridge,tobit,5,22532,5634,4.66,tied,0.2209,0.1322,0.3103,-0.2101,68,0.2,0.0053,0.8046,0.7673,0.9876,0.0053,0.1853,0.2084,,
2026-10-03 13:20:14,random,joint,mlp,naive,5,22532,5634,41.05,tied,0.3844,0.2369,0.5119,-0.0676,68,0.2,0.0128,0.6984,0.5974,0.725,0.0128,0.2088,0.2096,,
2026-10-03 13:20:57,random,joint,mlp,tobit,5,22532,5634,42.66,tied,0.3888,0.1938,0.4901,-0.0569,68,0.2,0.008,0.8142,0.6625,0.9097,0.008,0.2426,0.2543,,
2026-10-03 13:21:39,random,joint,mlp,twopart,5,22532,5634,41.85,tied,0.4044,0.2776,0.5146,-0.1236,68,0.2,0.1406,0.6981,0.6065,0.7169,0.0746,0.1558,0.1741,,
2026-10-03 13:22:11,random,pep_only,mlp,tobit,5,22532,5634,31.8,tied,0.2088,0.1105,0.3628,-0.2139,68,0.2,-0.0164,0.7967,0.7733,1.0844,-0.0164,0.1974,0.2475,,ablation: no allele input
2026-10-03 13:22:11,by_peptide,concat,ridge,naive,5,22281,5885,0.54,tied,0.1493,0.0385,0.2821,-0.1911,68,0.1,0.0524,0.6243,0.692,0.7113,0.0524,0.1288,0.1464,,
2026-10-03 13:22:19,by_peptide,concat,ridge,tobit,5,22281,5885,7.13,tied,0.1814,0.0553,0.3088,-0.2232,68,0.2,0.0504,0.7454,0.7562,0.8912,0.0504,0.1102,0.1537,,
2026-10-03 13:23:04,by_peptide,concat,mlp,naive,5,22281,5885,45.07,tied,0.4358,0.3117,0.5204,0.0103,68,0.3,0.0313,0.55,0.6075,0.5305,0.0313,0.2001,0.1924,,
2026-10-03 13:23:49,by_peptide,concat,mlp,tobit,5,22281,5885,45.42,tied,0.4383,0.326,0.4959,0.0435,68,0.3,0.0604,0.6815,0.6782,0.698,0.0604,0.2733,0.2587,,
2026-10-03 13:24:38,by_peptide,concat,mlp,twopart,5,22281,5885,48.53,tied,0.4337,0.3175,0.5333,-0.0743,68,0.3,0.1053,0.6039,0.6208,0.54,0.0947,0.2,0.1915,,
2026-10-03 13:24:39,by_peptide,joint,ridge,naive,5,22281,5885,0.56,tied,0.2477,0.1044,0.3903,-0.1488,68,0.2,0.0219,0.6331,0.6845,0.6879,0.0219,0.139,0.1385,,
2026-10-03 13:24:46,by_peptide,joint,ridge,tobit,5,22281,5885,6.62,tied,0.2055,0.0816,0.3925,-0.3697,68,0.2,0.0158,0.7531,0.7476,0.8895,0.0158,0.1051,0.1304,,
2026-10-03 13:25:29,by_peptide,joint,mlp,naive,5,22281,5885,43.12,tied,0.4683,0.3208,0.5716,0.092,68,0.3,0.0124,0.5887,0.5975,0.5393,0.0124,0.2353,0.2012,,
2026-10-03 13:26:17,by_peptide,joint,mlp,tobit,5,22281,5885,47.97,tied,0.4555,0.3101,0.572,0.1118,68,0.3,-0.0232,0.6939,0.6692,0.703,-0.0232,0.2875,0.2616,,
2026-10-03 13:27:05,by_peptide,joint,mlp,twopart,5,22281,5885,47.81,tied,0.4292,0.3382,0.5951,0.0859,68,0.3,0.1047,0.6218,0.6025,0.5462,0.0697,0.2023,0.1984,,
2026-10-03 13:27:31,by_peptide,pep_only,mlp,tobit,5,22281,5885,25.62,tied,0.1407,0.0132,0.2952,-0.1962,68,0.2,-0.042,0.6959,0.7995,0.9611,-0.042,0.1566,0.2011,,ablation: no allele input
2026-10-03 13:27:38,groove:A*02:01 +8,concat,ridge,tobit,5,24520,3646,7.37,tied,0.132,0.0973,0.1373,-0.0526,9,0.2,-0.0531,0.7231,2.7422,0.939,-0.0531,0.1215,0.1987,HLA-A*02:01;HLA-A*02:03;HLA-A*02:05;HLA-A*02:10;HLA-A*02:11;HLA-A*02:12;HLA-A*02:16;HLA-A*02:19;HLA-A*02:50,
2026-10-03 13:28:28,groove:A*02:01 +8,concat,mlp,naive,5,24520,3646,49.33,tied,-0.0064,-0.0906,0.1118,-0.1546,9,0.2,0.0172,0.285,1.0606,0.6661,0.0172,0.1412,0.3928,HLA-A*02:01;HLA-A*02:03;HLA-A*02:05;HLA-A*02:10;HLA-A*02:11;HLA-A*02:12;HLA-A*02:16;HLA-A*02:19;HLA-A*02:50,
2026-10-03 13:29:18,groove:A*02:01 +8,concat,mlp,tobit,5,24520,3646,50.26,tied,-0.0751,-0.0986,0.0997,-0.165,9,0.1,-0.0391,0.3509,1.2066,0.7459,-0.0391,0.1451,0.3161,HLA-A*02:01;HLA-A*02:03;HLA-A*02:05;HLA-A*02:10;HLA-A*02:11;HLA-A*02:12;HLA-A*02:16;HLA-A*02:19;HLA-A*02:50,
2026-10-03 13:29:26,groove:A*02:01 +8,joint,ridge,tobit,5,24520,3646,7.52,tied,0.1169,0.052,0.2073,-0.0018,9,0.2,0.0798,0.6623,1.1366,0.9448,0.0798,0.096,0.1957,HLA-A*02:01;HLA-A*02:03;HLA-A*02:05;HLA-A*02:10;HLA-A*02:11;HLA-A*02:12;HLA-A*02:16;HLA-A*02:19;HLA-A*02:50,
2026-10-03 13:30:15,groove:A*02:01 +8,joint,mlp,naive,5,24520,3646,48.26,tied,0.0517,0.0016,0.111,-0.1591,9,0.1,0.0058,0.2665,1.115,0.5765,0.0058,0.1082,0.2744,HLA-A*02:01;HLA-A*02:03;HLA-A*02:05;HLA-A*02:10;HLA-A*02:11;HLA-A*02:12;HLA-A*02:16;HLA-A*02:19;HLA-A*02:50,
2026-10-03 13:31:06,groove:A*02:01 +8,joint,mlp,tobit,5,24520,3646,51.25,tied,0.0302,-0.0173,0.1076,-0.1052,9,0.0,-0.0227,0.2401,1.3605,0.7334,-0.0227,0.1017,0.296,HLA-A*02:01;HLA-A*02:03;HLA-A*02:05;HLA-A*02:10;HLA-A*02:11;HLA-A*02:12;HLA-A*02:16;HLA-A*02:19;HLA-A*02:50,
2026-10-03 13:31:15,groove:B*15:01 +5,concat,ridge,tobit,5,25331,2835,9.13,tied,0.0691,-0.0363,0.1928,-0.0804,6,0.15,0.0528,0.5451,0.9131,0.9048,0.0528,0.0632,0.1399,HLA-B*15:01;HLA-B*15:02;HLA-B*15:10;HLA-B*35:01;HLA-B*35:03;HLA-B*35:08,
2026-10-03 13:32:07,groove:B*15:01 +5,concat,mlp,naive,5,25331,2835,51.72,tied,0.2513,0.1775,0.3481,-0.0537,6,0.1,0.033,0.3699,0.9139,0.5236,0.033,0.151,0.1967,HLA-B*15:01;HLA-B*15:02;HLA-B*15:10;HLA-B*35:01;HLA-B*35:03;HLA-B*35:08,
2026-10-03 13:32:53,groove:B*15:01 +5,concat,mlp,tobit,5,25331,2835,45.36,tied,0.2625,0.1604,0.3492,-0.0233,6,0.0,0.0432,0.3383,1.0436,0.6971,0.0432,0.1348,0.2536,HLA-B*15:01;HLA-B*15:02;HLA-B*15:10;HLA-B*35:01;HLA-B*35:03;HLA-B*35:08,
2026-10-03 13:32:58,groove:B*15:01 +5,joint,ridge,tobit,5,25331,2835,4.7,tied,0.1356,-0.0551,0.1927,-0.1237,6,0.0,0.0262,0.5029,0.9222,0.9004,0.0262,0.0455,0.1071,HLA-B*15:01;HLA-B*15:02;HLA-B*15:10;HLA-B*35:01;HLA-B*35:03;HLA-B*35:08,
2026-10-03 13:33:50,groove:B*15:01 +5,joint,mlp,naive,5,25331,2835,51.72,tied,0.3022,0.1546,0.3842,-0.1173,6,0.05,0.043,0.4109,0.8861,0.5372,0.043,0.1178,0.2022,HLA-B*15:01;HLA-B*15:02;HLA-B*15:10;HLA-B*35:01;HLA-B*35:03;HLA-B*35:08,
2026-10-03 13:35:18,groove:B*15:01 +5,joint,mlp,tobit,5,25331,2835,88.58,tied,0.2777,0.1789,0.347,-0.0588,6,0.15,0.0373,0.4704,0.9719,0.7033,0.0373,0.1348,0.2493,HLA-B*15:01;HLA-B*15:02;HLA-B*15:10;HLA-B*35:01;HLA-B*35:03;HLA-B*35:08,
2026-10-03 13:35:30,groove:B*14:01(C67S) +5,concat,ridge,tobit,5,25600,2566,11.73,tied,0.1091,0.0415,0.1837,-0.1068,6,0.2,0.0033,0.6316,0.8318,0.8716,0.0033,0.0679,0.1272,HLA-B*14:01(C67S);HLA-B*14:02(C67S);HLA-B*39:01;HLA-B*39:02;HLA-B*39:06(C67S);HLA-B*39:10,
2026-10-03 13:36:28,groove:B*14:01(C67S) +5,concat,mlp,naive,5,25600,2566,57.5,tied,0.1299,0.1083,0.1435,-0.056,6,0.2,-0.0075,0.2523,0.7919,0.5257,-0.0075,0.0792,0.1932,HLA-B*14:01(C67S);HLA-B*14:02(C67S);HLA-B*39:01;HLA-B*39:02;HLA-B*39:06(C67S);HLA-B*39:10,
2026-10-03 13:37:11,groove:B*14:01(C67S) +5,concat,mlp,tobit,5,25600,2566,42.81,tied,0.1228,0.0886,0.1409,-0.0657,6,0.2,0.0282,0.4207,0.8338,0.694,0.0282,0.1678,0.2902,HLA-B*14:01(C67S);HLA-B*14:02(C67S);HLA-B*39:01;HLA-B*39:02;HLA-B*39:06(C67S);HLA-B*39:10,
2026-10-03 13:37:16,groove:B*14:01(C67S) +5,joint,ridge,tobit,5,25600,2566,4.69,tied,0.0589,0.0191,0.1228,-0.0302,6,0.1,0.0467,0.558,0.7795,0.8659,0.0467,0.0568,0.1203,HLA-B*14:01(C67S);HLA-B*14:02(C67S);HLA-B*39:01;HLA-B*39:02;HLA-B*39:06(C67S);HLA-B*39:10,
2026-10-03 13:37:48,groove:B*14:01(C67S) +5,joint,mlp,naive,5,25600,2566,31.54,tied,0.1613,0.054,0.1703,-0.0347,6,0.2,-0.019,0.249,0.7522,0.535,-0.019,0.0845,0.1966,HLA-B*14:01(C67S);HLA-B*14:02(C67S);HLA-B*39:01;HLA-B*39:02;HLA-B*39:06(C67S);HLA-B*39:10,
2026-10-03 13:38:21,groove:B*14:01(C67S) +5,joint,mlp,tobit,5,25600,2566,33.24,tied,0.1276,0.0721,0.1604,-0.0355,6,0.3,-0.021,0.4333,0.8104,0.6872,-0.021,0.1378,0.254,HLA-B*14:01(C67S);HLA-B*14:02(C67S);HLA-B*39:01;HLA-B*39:02;HLA-B*39:06(C67S);HLA-B*39:10,
2026-10-03 13:38:28,groove:A*03:01 +3,concat,ridge,tobit,5,25975,2191,6.28,tied,-0.012,-0.1139,0.0526,-0.2893,4,0.0,-0.0154,0.5005,1.2169,0.871,-0.0154,0.0811,0.1603,HLA-A*03:01;HLA-A*11:01;HLA-A*30:01;HLA-A*30:02,
2026-10-03 13:39:00,groove:A*03:01 +3,concat,mlp,naive,5,25975,2191,32.04,tied,0.011,-0.0974,0.1371,-0.1565,4,0.05,0.0036,0.3218,1.1189,0.53,0.0036,0.1471,0.2061,HLA-A*03:01;HLA-A*11:01;HLA-A*30:01;HLA-A*30:02,
2026-10-03 13:39:30,groove:A*03:01 +3,concat,mlp,tobit,5,25975,2191,30.07,tied,0.0095,-0.0874,0.141,-0.1251,4,0.0,-0.049,0.4054,1.1574,0.7057,-0.049,0.2037,0.2987,HLA-A*03:01;HLA-A*11:01;HLA-A*30:01;HLA-A*30:02,
2026-10-03 13:39:35,groove:A*03:01 +3,joint,ridge,tobit,5,25975,2191,4.37,tied,0.0791,-0.0372,0.1277,-0.2705,4,0.0,0.0035,0.4755,0.9555,0.8675,0.0035,0.0804,0.132,HLA-A*03:01;HLA-A*11:01;HLA-A*30:01;HLA-A*30:02,
2026-10-03 13:40:01,groove:A*03:01 +3,joint,mlp,naive,5,25975,2191,26.09,tied,0.1604,0.0575,0.2507,0.0043,4,0.05,0.0135,0.3281,0.9628,0.5433,0.0135,0.1345,0.221,HLA-A*03:01;HLA-A*11:01;HLA-A*30:01;HLA-A*30:02,
2026-10-03 13:40:23,groove:A*03:01 +3,joint,mlp,tobit,5,25975,2191,21.94,tied,0.165,0.0606,0.2623,0.024,4,0.1,-0.0616,0.4018,1.0044,0.6862,-0.0616,0.1605,0.2367,HLA-A*03:01;HLA-A*11:01;HLA-A*30:01;HLA-A*30:02,
2026-10-03 13:40:26,groove:A*23:01 +4,concat,ridge,tobit,5,25979,2187,3.52,tied,0.0019,-0.0134,0.1036,-0.0794,5,0.0,0.1162,0.6676,1.9325,0.9399,0.1162,0.1075,0.2413,HLA-A*23:01;HLA-A*24:02;HLA-A*24:03;HLA-A*24:07;HLA-A*24:19,
2026-10-03 13:40:48,groove:A*23:01 +4,concat,mlp,naive,5,25979,2187,21.24,tied,0.014,-0.041,0.0157,-0.1177,5,0.1,0.0515,0.3551,1.7714,0.6398,0.0515,0.1263,0.3493,HLA-A*23:01;HLA-A*24:02;HLA-A*24:03;HLA-A*24:07;HLA-A*24:19,
2026-10-03 13:41:10,groove:A*23:01 +4,concat,mlp,tobit,5,25979,2187,21.86,tied,0.0195,-0.0406,0.0709,-0.1029,5,0.1,0.0248,0.4034,1.9142,0.8084,0.0248,0.1307,0.4097,HLA-A*23:01;HLA-A*24:02;HLA-A*24:03;HLA-A*24:07;HLA-A*24:19,
2026-10-03 13:41:13,groove:A*23:01 +4,joint,ridge,tobit,5,25979,2187,3.53,tied,0.0438,0.0002,0.127,-0.0287,5,0.0,-0.0271,0.6684,1.0223,0.9163,-0.0271,0.0977,0.1765,HLA-A*23:01;HLA-A*24:02;HLA-A*24:03;HLA-A*24:07;HLA-A*24:19,
2026-10-03 13:41:36,groove:A*23:01 +4,joint,mlp,naive,5,25979,2187,22.11,tied,0.018,0.0041,0.104,-0.0649,5,0.0,0.1019,0.3647,1.1326,0.607,0.1019,0.1431,0.3085,HLA-A*23:01;HLA-A*24:02;HLA-A*24:03;HLA-A*24:07;HLA-A*24:19,
2026-10-03 13:41:52,groove:A*23:01 +4,joint,mlp,tobit,5,25979,2187,16.6,tied,0.0141,0.0096,0.0866,-0.0521,5,0.1,0.0808,0.4066,1.3835,0.8168,0.0808,0.1553,0.438,HLA-A*23:01;HLA-A*24:02;HLA-A*24:03;HLA-A*24:07;HLA-A*24:19,
2026-10-03 13:41:55,groove:A*25:01 +5,concat,ridge,tobit,5,26106,2060,2.71,tied,-0.0374,-0.053,0.0166,-0.114,6,0.1,0.0341,0.5767,0.8007,0.8905,0.0341,0.1042,0.1764,HLA-A*25:01;HLA-A*26:01;HLA-A*26:02;HLA-A*26:03;HLA-A*43:01;HLA-A*66:01,
2026-10-03 13:42:11,groove:A*25:01 +5,concat,mlp,naive,5,26106,2060,15.91,tied,0.1277,0.0771,0.1846,0.0507,6,0.1,0.0278,0.4042,0.7438,0.526,0.0278,0.1525,0.1925,HLA-A*25:01;HLA-A*26:01;HLA-A*26:02;HLA-A*26:03;HLA-A*43:01;HLA-A*66:01,
2026-10-03 13:42:27,groove:A*25:01 +5,concat,mlp,tobit,5,26106,2060,16.28,tied,0.1369,0.0799,0.1555,0.0361,6,0.1,-0.0021,0.5246,0.785,0.6827,-0.0021,0.1994,0.2352,HLA-A*25:01;HLA-A*26:01;HLA-A*26:02;HLA-A*26:03;HLA-A*43:01;HLA-A*66:01,
2026-10-03 13:42:30,groove:A*25:01 +5,joint,ridge,tobit,5,26106,2060,2.7,tied,0.0435,0.02,0.0835,-0.038,6,0.1,-0.0068,0.5979,0.7351,0.8803,-0.0068,0.1024,0.1425,HLA-A*25:01;HLA-A*26:01;HLA-A*26:02;HLA-A*26:03;HLA-A*43:01;HLA-A*66:01,
2026-10-03 13:42:47,groove:A*25:01 +5,joint,mlp,naive,5,26106,2060,16.76,tied,0.112,0.086,0.1707,0.0397,6,0.05,-0.0061,0.503,0.7566,0.5576,-0.0061,0.2307,0.2252,HLA-A*25:01;HLA-A*26:01;HLA-A*26:02;HLA-A*26:03;HLA-A*43:01;HLA-A*66:01,
2026-10-03 13:43:04,groove:A*25:01 +5,joint,mlp,tobit,5,26106,2060,16.91,tied,0.1111,0.0685,0.1561,0.0369,6,0.1,0.0061,0.5553,0.8728,0.6981,0.0061,0.2242,0.2629,HLA-A*25:01;HLA-A*26:01;HLA-A*26:02;HLA-A*26:03;HLA-A*43:01;HLA-A*66:01,
2026-10-03 13:43:07,groove:B*15:17 +4,concat,ridge,tobit,5,26344,1822,2.75,tied,0.1358,0.0689,0.1401,0.0683,5,0.2,0.0428,0.4908,1.0382,0.8956,0.0428,0.0712,0.1311,HLA-B*15:17;HLA-B*57:01;HLA-B*57:02;HLA-B*57:03;HLA-B*58:01,
2026-10-03 13:43:24,groove:B*15:17 +4,concat,mlp,naive,5,26344,1822,16.8,tied,0.0324,0.022,0.0616,0.019,5,0.1,0.0099,0.5691,0.7877,0.5577,0.0099,0.2514,0.2524,HLA-B*15:17;HLA-B*57:01;HLA-B*57:02;HLA-B*57:03;HLA-B*58:01,
2026-10-03 13:43:42,groove:B*15:17 +4,concat,mlp,tobit,5,26344,1822,17.85,tied,0.0335,-0.0047,0.0486,-0.0366,5,0.1,0.0409,0.6602,0.824,0.7261,0.0409,0.3011,0.3311,HLA-B*15:17;HLA-B*57:01;HLA-B*57:02;HLA-B*57:03;HLA-B*58:01,
2026-10-03 13:43:44,groove:B*15:17 +4,joint,ridge,tobit,5,26344,1822,2.73,tied,0.2952,0.2722,0.3449,-0.0008,5,0.3,0.0287,0.558,0.8853,0.8959,0.0287,0.0623,0.1318,HLA-B*15:17;HLA-B*57:01;HLA-B*57:02;HLA-B*57:03;HLA-B*58:01,
2026-10-03 13:44:01,groove:B*15:17 +4,joint,mlp,naive,5,26344,1822,16.76,tied,0.0936,-0.0241,0.1989,-0.039,5,0.1,0.1181,0.2575,0.9306,0.5585,0.1181,0.0739,0.2397,HLA-B*15:17;HLA-B*57:01;HLA-B*57:02;HLA-B*57:03;HLA-B*58:01,
2026-10-03 13:44:18,groove:B*15:17 +4,joint,mlp,tobit,5,26344,1822,16.93,tied,0.0644,-0.0245,0.1742,-0.0342,5,0.2,0.0119,0.3035,1.0766,0.7246,0.0119,0.1055,0.3022,HLA-B*15:17;HLA-B*57:01;HLA-B*57:02;HLA-B*57:03;HLA-B*58:01,
2026-10-03 13:44:21,groove:B*07:02 +3,concat,ridge,tobit,5,26426,1740,2.71,tied,0.0644,0.0372,0.0823,-0.0149,4,0.1,0.01,0.677,0.7503,0.8977,0.01,0.0903,0.1387,HLA-B*07:02;HLA-B*42:01;HLA-B*42:02;HLA-B*81:01,
2026-10-03 13:44:38,groove:B*07:02 +3,concat,mlp,naive,5,26426,1740,16.68,tied,0.3079,0.2762,0.3484,0.2667,4,0.25,-0.0553,0.5488,0.6762,0.5387,-0.0553,0.2229,0.2157,HLA-B*07:02;HLA-B*42:01;HLA-B*42:02;HLA-B*81:01,
2026-10-03 13:44:57,groove:B*07:02 +3,concat,mlp,tobit,5,26426,1740,19.4,tied,0.2961,0.2846,0.3308,0.2738,4,0.2,0.0309,0.6352,0.7963,0.7189,0.0309,0.2754,0.2957,HLA-B*07:02;HLA-B*42:01;HLA-B*42:02;HLA-B*81:01,
2026-10-03 13:45:00,groove:B*07:02 +3,joint,ridge,tobit,5,26426,1740,2.89,tied,0.047,0.0073,0.0633,-0.0755,4,0.1,-0.0643,0.7392,0.738,0.8958,-0.0643,0.1187,0.1204,HLA-B*07:02;HLA-B*42:01;HLA-B*42:02;HLA-B*81:01,
2026-10-03 13:45:17,groove:B*07:02 +3,joint,mlp,naive,5,26426,1740,16.63,tied,0.3626,0.332,0.372,0.2534,4,0.1,0.0331,0.4293,0.7958,0.5513,0.0331,0.1879,0.2379,HLA-B*07:02;HLA-B*42:01;HLA-B*42:02;HLA-B*81:01,
2026-10-03 13:45:39,groove:B*07:02 +3,joint,mlp,tobit,5,26426,1740,21.81,tied,0.336,0.3086,0.3732,0.3049,4,0.15,0.0867,0.4669,1.0521,0.7485,0.0867,0.1929,0.3538,HLA-B*07:02;HLA-B*42:01;HLA-B*42:02;HLA-B*81:01,
2026-10-03 13:45:42,groove:A*31:01 +4,concat,ridge,tobit,5,26656,1510,2.85,tied,0.0657,-0.0106,0.191,-0.2931,5,0.0,-0.0744,0.4808,0.9237,0.8952,-0.0744,0.0969,0.1638,HLA-A*31:01;HLA-A*32:01;HLA-A*32:07;HLA-A*33:03;HLA-A*74:01,
2026-10-03 13:45:58,groove:A*31:01 +4,concat,mlp,naive,5,26656,1510,16.38,tied,0.2121,0.1679,0.2305,0.1104,5,0.2,0.0769,0.3796,1.0004,0.6301,0.0769,0.1828,0.2679,HLA-A*31:01;HLA-A*32:01;HLA-A*32:07;HLA-A*33:03;HLA-A*74:01,
2026-10-03 13:46:15,groove:A*31:01 +4,concat,mlp,tobit,5,26656,1510,16.75,tied,0.183,0.1116,0.193,0.0699,5,0.1,0.1213,0.4398,1.0481,0.7585,0.1213,0.1607,0.2866,HLA-A*31:01;HLA-A*32:01;HLA-A*32:07;HLA-A*33:03;HLA-A*74:01,
2026-10-03 13:46:18,groove:A*31:01 +4,joint,ridge,tobit,5,26656,1510,2.8,tied,0.0788,0.0186,0.1596,-0.2895,5,0.1,0.0452,0.5485,0.9583,0.8843,0.0452,0.0859,0.1475,HLA-A*31:01;HLA-A*32:01;HLA-A*32:07;HLA-A*33:03;HLA-A*74:01,
2026-10-03 13:46:35,groove:A*31:01 +4,joint,mlp,naive,5,26656,1510,16.54,tied,0.1881,0.1654,0.196,0.0488,5,0.2,0.0054,0.356,0.9795,0.6126,0.0054,0.1361,0.2228,HLA-A*31:01;HLA-A*32:01;HLA-A*32:07;HLA-A*33:03;HLA-A*74:01,
2026-10-03 13:46:52,groove:A*31:01 +4,joint,mlp,tobit,5,26656,1510,17.36,tied,0.1439,0.1228,0.1803,-0.011,5,0.2,-0.0356,0.4293,1.0411,0.7533,-0.0356,0.1717,0.273,HLA-A*31:01;HLA-A*32:01;HLA-A*32:07;HLA-A*33:03;HLA-A*74:01,
2026-10-03 13:46:55,groove:B*27:02 +3,concat,ridge,tobit,5,26705,1461,2.89,tied,0.0474,-0.2052,0.307,-0.2562,4,0.1,0.0139,0.6021,1.0734,0.8992,0.0139,0.1566,0.2414,HLA-B*27:02;HLA-B*27:03;HLA-B*27:05;HLA-B*27:20,
2026-10-03 13:47:12,groove:B*27:02 +3,concat,mlp,naive,5,26705,1461,17.14,tied,0.1967,0.0374,0.3539,-0.1103,4,0.2,0.0452,0.425,1.2336,0.6676,0.0452,0.2453,0.3923,HLA-B*27:02;HLA-B*27:03;HLA-B*27:05;HLA-B*27:20,
2026-10-03 13:47:30,groove:B*27:02 +3,concat,mlp,tobit,5,26705,1461,17.66,tied,0.216,0.0679,0.343,-0.1378,4,0.15,-0.0071,0.3343,1.725,0.8021,-0.0071,0.1705,0.4354,HLA-B*27:02;HLA-B*27:03;HLA-B*27:05;HLA-B*27:20,
2026-10-03 13:47:33,groove:B*27:02 +3,joint,ridge,tobit,5,26705,1461,2.79,tied,0.1128,-0.134,0.3848,-0.1461,4,0.25,-0.0401,0.6227,1.0342,0.8903,-0.0401,0.1294,0.2014,HLA-B*27:02;HLA-B*27:03;HLA-B*27:05;HLA-B*27:20,
2026-10-03 13:47:50,groove:B*27:02 +3,joint,mlp,naive,5,26705,1461,16.61,tied,0.2478,0.0559,0.4189,-0.1072,4,0.2,0.0786,0.4592,0.7928,0.5731,0.0786,0.1644,0.2108,HLA-B*27:02;HLA-B*27:03;HLA-B*27:05;HLA-B*27:20,
2026-10-03 13:48:07,groove:B*27:02 +3,joint,mlp,tobit,5,26705,1461,17.03,tied,0.2421,0.0774,0.3862,-0.0996,4,0.25,-0.0206,0.594,0.9195,0.751,-0.0206,0.2935,0.3242,HLA-B*27:02;HLA-B*27:03;HLA-B*27:05;HLA-B*27:20,
2026-10-03 13:48:10,groove:B*54:01 +2,concat,ridge,tobit,5,27063,1103,2.89,tied,0.1753,0.1132,0.1937,0.0512,3,0.3,0.0123,0.6984,1.1399,0.8763,0.0123,0.0761,0.1568,HLA-B*54:01;HLA-B*55:01;HLA-B*56:01,
2026-10-03 13:48:27,groove:B*54:01 +2,concat,mlp,naive,5,27063,1103,17.12,tied,0.3835,0.3236,0.409,0.2637,3,0.5,0.098,0.4062,0.677,0.5342,0.098,0.1569,0.2036,HLA-B*54:01;HLA-B*55:01;HLA-B*56:01,
2026-10-03 13:48:45,groove:B*54:01 +2,concat,mlp,tobit,5,27063,1103,17.75,tied,0.3501,0.2895,0.3812,0.229,3,0.4,-0.0149,0.5598,1.0124,0.6885,-0.0149,0.2381,0.2524,HLA-B*54:01;HLA-B*55:01;HLA-B*56:01,
2026-10-03 13:48:48,groove:B*54:01 +2,joint,ridge,tobit,5,27063,1103,2.91,tied,0.2184,0.1138,0.2439,0.0092,3,0.5,0.1063,0.7364,1.0151,0.8711,0.1063,0.0462,0.12,HLA-B*54:01;HLA-B*55:01;HLA-B*56:01,
2026-10-03 13:49:05,groove:B*54:01 +2,joint,mlp,naive,5,27063,1103,17.53,tied,0.3591,0.277,0.3735,0.195,3,0.4,0.0803,0.409,0.7503,0.5352,0.0803,0.1323,0.1845,HLA-B*54:01;HLA-B*55:01;HLA-B*56:01,
2026-10-03 13:49:24,groove:B*54:01 +2,joint,mlp,tobit,5,27063,1103,18.33,tied,0.399,0.3386,0.4037,0.2783,3,0.5,-0.0049,0.5652,1.0781,0.7041,-0.0049,0.2437,0.2741,HLA-B*54:01;HLA-B*55:01;HLA-B*56:01,
2026-10-03 13:49:27,groove:B*40:01 +3,concat,ridge,tobit,5,27109,1057,3.1,tied,-0.0053,-0.0572,0.1032,-0.1091,3,0.3,0.0842,0.519,1.581,0.883,0.0842,0.0232,0.1515,HLA-B*40:01;HLA-B*40:02;HLA-B*41:01;HLA-B*45:01,
2026-10-03 13:49:44,groove:B*40:01 +3,concat,mlp,naive,5,27109,1057,17.47,tied,0.0263,-0.0019,0.0411,-0.0301,3,0.1,-0.1189,0.4022,1.1453,0.5655,-0.1189,0.1603,0.2698,HLA-B*40:01;HLA-B*40:02;HLA-B*41:01;HLA-B*45:01,
2026-10-03 13:50:02,groove:B*40:01 +3,concat,mlp,tobit,5,27109,1057,17.5,tied,0.0309,0.0184,0.0473,0.0058,3,0.1,0.0601,0.4484,1.4008,0.7237,0.0601,0.2147,0.3387,HLA-B*40:01;HLA-B*40:02;HLA-B*41:01;HLA-B*45:01,
2026-10-03 13:50:05,groove:B*40:01 +3,joint,ridge,tobit,5,27109,1057,2.78,tied,0.0393,0.0065,0.0826,-0.0263,3,0.2,0.0434,0.6848,1.1031,0.8721,0.0434,0.0625,0.0972,HLA-B*40:01;HLA-B*40:02;HLA-B*41:01;HLA-B*45:01,
2026-10-03 13:50:21,groove:B*40:01 +3,joint,mlp,naive,5,27109,1057,16.24,tied,0.0345,-0.0061,0.0355,-0.0467,3,0.0,0.0576,0.3723,0.9874,0.5237,0.0576,0.1087,0.1754,HLA-B*40:01;HLA-B*40:02;HLA-B*41:01;HLA-B*45:01,
2026-10-03 13:50:39,groove:B*40:01 +3,joint,mlp,tobit,5,27109,1057,17.47,tied,0.0411,0.0089,0.0494,-0.0233,3,0.0,0.1106,0.5761,1.3288,0.6899,0.1106,0.231,0.251,HLA-B*40:01;HLA-B*40:02;HLA-B*41:01;HLA-B*45:01,
2026-10-03 13:50:42,groove:B*08:01 +1,concat,ridge,tobit,5,27351,815,3.01,tied,0.0179,0.0133,0.0224,0.0087,2,0.25,0.0343,0.4398,4.6808,0.9675,0.0343,0.0699,0.3617,HLA-B*08:01;HLA-B*08:03,
2026-10-03 13:51:02,groove:B*08:01 +1,concat,mlp,naive,5,27351,815,19.93,tied,0.0323,-0.0538,0.1184,-0.1399,2,0.15,0.0556,0.4281,1.2814,0.6427,0.0556,0.22,0.3913,HLA-B*08:01;HLA-B*08:03,
2026-10-03 13:51:23,groove:B*08:01 +1,concat,mlp,tobit,5,27351,815,21.05,tied,0.0512,-0.0383,0.1407,-0.1278,2,0.1,0.0106,0.3104,1.8374,0.8928,0.0106,0.1897,0.5862,HLA-B*08:01;HLA-B*08:03,
2026-10-03 13:51:26,groove:B*08:01 +1,joint,ridge,tobit,5,27351,815,2.98,tied,0.0288,0.0143,0.0433,-0.0001,2,0.1,-0.1446,0.4615,2.1045,1.0138,-0.1446,0.0612,0.4083,HLA-B*08:01;HLA-B*08:03,
2026-10-03 13:51:43,groove:B*08:01 +1,joint,mlp,naive,5,27351,815,17.2,tied,0.0121,-0.0304,0.0545,-0.0729,2,0.05,0.0822,0.5428,0.7256,0.5903,0.0822,0.2783,0.3179,HLA-B*08:01;HLA-B*08:03,
2026-10-03 13:52:01,groove:B*08:01 +1,joint,mlp,tobit,5,27351,815,17.11,tied,0.0389,-0.0047,0.0825,-0.0483,2,0.1,0.0869,0.3966,1.5073,0.7315,0.0869,0.1807,0.3491,HLA-B*08:01;HLA-B*08:03,
2026-10-03 13:52:03,groove:A*68:01 +3,concat,ridge,tobit,5,27379,787,2.76,tied,0.1338,0.1172,0.1504,0.1006,2,0.1,-0.0114,0.5865,1.2281,0.8781,-0.0114,0.0944,0.1291,HLA-A*68:01;HLA-A*68:02;HLA-A*68:23;HLA-A*69:01,
2026-10-03 13:52:21,groove:A*68:01 +3,concat,mlp,naive,5,27379,787,17.18,tied,0.3795,0.3761,0.3829,0.3726,2,0.25,-0.0208,0.4824,0.7204,0.534,-0.0208,0.2292,0.2187,HLA-A*68:01;HLA-A*68:02;HLA-A*68:23;HLA-A*69:01,
2026-10-03 13:52:38,groove:A*68:01 +3,concat,mlp,tobit,5,27379,787,17.14,tied,0.3866,0.3794,0.3938,0.3722,2,0.2,0.0265,0.6016,0.8236,0.704,0.0265,0.2865,0.2994,HLA-A*68:01;HLA-A*68:02;HLA-A*68:23;HLA-A*69:01,
2026-10-03 13:52:41,groove:A*68:01 +3,joint,ridge,tobit,5,27379,787,2.81,tied,0.0394,0.0286,0.0502,0.0178,2,0.05,-0.0259,0.6297,0.8268,0.8737,-0.0259,0.0929,0.1189,HLA-A*68:01;HLA-A*68:02;HLA-A*68:23;HLA-A*69:01,
2026-10-03 13:52:57,groove:A*68:01 +3,joint,mlp,naive,5,27379,787,16.24,tied,0.434,0.403,0.465,0.372,2,0.35,-0.0069,0.4829,0.6996,0.5435,-0.0069,0.1842,0.2136,HLA-A*68:01;HLA-A*68:02;HLA-A*68:23;HLA-A*69:01,
2026-10-03 13:53:15,groove:A*68:01 +3,joint,mlp,tobit,5,27379,787,17.8,tied,0.4114,0.3713,0.4515,0.3312,2,0.3,-0.0161,0.5905,0.7615,0.6981,-0.0161,0.2536,0.2689,HLA-A*68:01;HLA-A*68:02;HLA-A*68:23;HLA-A*69:01,
2026-10-03 13:53:18,groove:A*29:02,concat,ridge,tobit,5,27783,383,2.92,tied,0.1513,0.1513,0.1513,0.1513,1,0.1,0.0207,0.2768,1.5632,0.8914,0.0207,0.0313,0.1356,HLA-A*29:02,
2026-10-03 13:53:37,groove:A*29:02,concat,mlp,naive,5,27783,383,18.91,tied,0.2707,0.2707,0.2707,0.2707,1,0.1,0.0371,0.3394,1.0935,0.5717,0.0371,0.107,0.2129,HLA-A*29:02,
2026-10-03 13:53:59,groove:A*29:02,concat,mlp,tobit,5,27783,383,21.25,tied,0.2891,0.2891,0.2891,0.2891,1,0.1,0.1009,0.4073,1.1497,0.7326,0.1009,0.1723,0.3141,HLA-A*29:02,
2026-10-03 13:54:02,groove:A*29:02,joint,ridge,tobit,5,27783,383,2.8,tied,0.1761,0.1761,0.1761,0.1761,1,0.1,0.0879,0.5144,1.155,0.8936,0.0879,0.0757,0.1432,HLA-A*29:02,
2026-10-03 13:54:19,groove:A*29:02,joint,mlp,naive,5,27783,383,17.65,tied,0.1653,0.1653,0.1653,0.1653,1,0.1,-0.0443,0.4961,0.8647,0.61,-0.0443,0.2585,0.3006,HLA-A*29:02,
2026-10-03 13:54:37,groove:A*29:02,joint,mlp,tobit,5,27783,383,17.64,tied,0.1762,0.1762,0.1762,0.1762,1,0.2,-0.0898,0.5457,0.9669,0.7685,-0.0898,0.3029,0.3818,HLA-A*29:02,
2026-10-03 13:54:40,groove:B*46:01,concat,ridge,tobit,5,27805,361,2.81,tied,0.0064,0.0064,0.0064,0.0064,1,0.1,-0.0559,0.5762,0.4672,0.8873,-0.0559,0.1163,0.1332,HLA-B*46:01,
2026-10-03 13:54:57,groove:B*46:01,concat,mlp,naive,5,27805,361,17.06,tied,0.0971,0.0971,0.0971,0.0971,1,0.0,0.0405,0.4155,0.4931,0.5514,0.0405,0.1911,0.2129,HLA-B*46:01,
2026-10-03 13:55:14,groove:B*46:01,concat,mlp,tobit,5,27805,361,17.34,tied,0.1016,0.1016,0.1016,0.1016,1,0.0,-0.0149,0.5014,0.4956,0.6878,-0.0149,0.2188,0.2224,HLA-B*46:01,
2026-10-03 13:55:18,groove:B*46:01,joint,ridge,tobit,5,27805,361,2.98,tied,0.0077,0.0077,0.0077,0.0077,1,0.2,-0.0274,0.5706,0.4647,0.8846,-0.0274,0.133,0.135,HLA-B*46:01,
2026-10-03 13:55:36,groove:B*46:01,joint,mlp,naive,5,27805,361,17.89,tied,0.0655,0.0655,0.0655,0.0655,1,0.0,0.0362,0.349,0.606,0.5659,0.0362,0.144,0.2211,HLA-B*46:01,
2026-10-03 13:55:56,groove:B*46:01,joint,mlp,tobit,5,27805,361,20.28,tied,0.0425,0.0425,0.0425,0.0425,1,0.0,0.0379,0.41,0.6163,0.6997,0.0379,0.1662,0.246,HLA-B*46:01,
2026-10-03 13:55:59,groove:B*18:01,concat,ridge,tobit,5,27807,359,2.96,tied,-0.0946,-0.0946,-0.0946,-0.0946,1,0.0,-0.0481,0.376,1.3572,0.8912,-0.0481,0.0501,0.1343,HLA-B*18:01,
2026-10-03 13:56:19,groove:B*18:01,concat,mlp,naive,5,27807,359,19.51,tied,-0.0226,-0.0226,-0.0226,-0.0226,1,0.1,-0.0187,0.2061,1.3624,0.5533,-0.0187,0.0919,0.2165,HLA-B*18:01,
2026-10-03 13:56:37,groove:B*18:01,concat,mlp,tobit,5,27807,359,17.85,tied,-0.1052,-0.1052,-0.1052,-0.1052,1,0.1,0.0662,0.1337,2.1337,0.7145,0.0662,0.039,0.2751,HLA-B*18:01,
2026-10-03 13:56:39,groove:B*18:01,joint,ridge,tobit,5,27807,359,2.81,tied,-0.0118,-0.0118,-0.0118,-0.0118,1,0.0,-0.0945,0.5153,1.0892,0.8892,-0.0945,0.0529,0.1215,HLA-B*18:01,
2026-10-03 13:56:56,groove:B*18:01,joint,mlp,naive,5,27807,359,16.25,tied,0.0577,0.0577,0.0577,0.0577,1,0.0,-0.0022,0.2953,1.1291,0.5742,-0.0022,0.1309,0.2646,HLA-B*18:01,
2026-10-03 13:57:13,groove:B*18:01,joint,mlp,tobit,5,27807,359,17.39,tied,0.0118,0.0118,0.0118,0.0118,1,0.1,-0.0455,0.2646,1.5672,0.7169,-0.0455,0.078,0.2797,HLA-B*18:01,
2026-10-03 13:57:16,groove:B*51:01,concat,ridge,tobit,5,27813,353,2.79,tied,0.1623,0.1623,0.1623,0.1623,1,0.2,-0.2806,0.0793,2.9734,0.9006,-0.2806,0.0085,0.2106,HLA-B*51:01,
2026-10-03 13:57:34,groove:B*51:01,concat,mlp,naive,5,27813,353,18.19,tied,0.3409,0.3409,0.3409,0.3409,1,0.0,0.0575,0.4731,1.5802,0.5485,0.0575,0.2153,0.2007,HLA-B*51:01,
2026-10-03 13:57:53,groove:B*51:01,concat,mlp,tobit,5,27813,353,18.54,tied,0.4164,0.4164,0.4164,0.4164,1,0.0,-0.0224,0.2606,2.15,0.7042,-0.0224,0.0822,0.2753,HLA-B*51:01,
2026-10-03 13:57:57,groove:B*51:01,joint,ridge,tobit,5,27813,353,3.48,tied,0.1773,0.1773,0.1773,0.1773,1,0.4,-0.0225,0.4618,2.2728,0.8884,-0.0225,0.0595,0.1595,HLA-B*51:01,
2026-10-03 13:58:14,groove:B*51:01,joint,mlp,naive,5,27813,353,17.54,tied,0.4737,0.4737,0.4737,0.4737,1,0.1,-0.0365,0.4164,1.1473,0.5541,-0.0365,0.1246,0.2104,HLA-B*51:01,
2026-10-03 13:58:32,groove:B*51:01,joint,mlp,tobit,5,27813,353,17.72,tied,0.4547,0.4547,0.4547,0.4547,1,0.1,-0.0227,0.4136,1.6682,0.6871,-0.0227,0.1133,0.2179,HLA-B*51:01,
2026-10-03 13:58:35,groove:B*44:05,concat,ridge,tobit,5,27814,352,2.76,tied,-0.0232,-0.0232,-0.0232,-0.0232,1,0.1,0.0178,0.8267,0.5792,0.8966,0.0178,0.2102,0.1564,HLA-B*44:05,
2026-10-03 13:58:55,groove:B*44:05,concat,mlp,naive,5,27814,352,19.82,tied,0.2772,0.2772,0.2772,0.2772,1,0.6,-0.0288,0.4403,0.8764,0.6277,-0.0288,0.2699,0.3699,HLA-B*44:05,
2026-10-03 13:59:13,groove:B*44:05,concat,mlp,tobit,5,27814,352,17.61,tied,0.3044,0.3044,0.3044,0.3044,1,0.6,0.0197,0.696,0.7463,0.845,0.0197,0.4631,0.5245,HLA-B*44:05,
2026-10-03 13:59:17,groove:B*44:05,joint,ridge,tobit,5,27814,352,3.63,tied,0.0357,0.0357,0.0357,0.0357,1,0.1,0.0158,0.7983,0.6261,0.9012,0.0158,0.1534,0.1809,HLA-B*44:05,
2026-10-03 13:59:37,groove:B*44:05,joint,mlp,naive,5,27814,352,20.72,tied,0.2983,0.2983,0.2983,0.2983,1,0.4,-0.0987,0.6705,0.564,0.5943,-0.0987,0.4205,0.3049,HLA-B*44:05,
2026-10-03 14:00:01,groove:B*44:05,joint,mlp,tobit,5,27814,352,23.11,tied,0.3512,0.3512,0.3512,0.3512,1,0.5,-0.0897,0.7159,0.6257,0.7278,-0.0897,0.3722,0.3011,HLA-B*44:05,
2026-10-03 14:00:05,groove:A*80:01,concat,ridge,tobit,5,27815,351,4.41,tied,0.0501,0.0501,0.0501,0.0501,1,0.1,-0.0329,0.3732,0.7585,0.8938,-0.0329,0.037,0.1331,HLA-A*80:01,
2026-10-03 14:00:39,groove:A*80:01,concat,mlp,naive,5,27815,351,33.77,tied,0.1485,0.1485,0.1485,0.1485,1,0.1,-0.0548,0.4274,0.5275,0.5614,-0.0548,0.188,0.2453,HLA-A*80:01,
2026-10-03 14:01:10,groove:A*80:01,concat,mlp,tobit,5,27815,351,30.14,tied,0.1249,0.1249,0.1249,0.1249,1,0.1,-0.0597,0.6553,0.6039,0.684,-0.0597,0.2023,0.2204,HLA-A*80:01,
2026-10-03 14:01:14,groove:A*80:01,joint,ridge,tobit,5,27815,351,3.98,tied,0.1542,0.1542,0.1542,0.1542,1,0.1,0.0532,0.2051,1.0674,0.8906,0.0532,0.0285,0.1562,HLA-A*80:01,
2026-10-03 14:01:42,groove:A*80:01,joint,mlp,naive,5,27815,351,27.67,tied,0.1696,0.1696,0.1696,0.1696,1,0.0,-0.1427,0.2479,0.7023,0.5519,-0.1427,0.1026,0.2101,HLA-A*80:01,
2026-10-03 14:02:13,groove:A*80:01,joint,mlp,tobit,5,27815,351,31.42,tied,0.1192,0.1192,0.1192,0.1192,1,0.1,-0.0318,0.5071,0.6177,0.7302,-0.0318,0.188,0.3137,HLA-A*80:01,
2026-10-03 14:02:20,groove:A*01:01,concat,ridge,tobit,5,27946,220,6.29,tied,0.0414,0.0414,0.0414,0.0414,1,0.1,0.0743,0.5818,0.8858,0.8947,0.0743,0.0955,0.1684,HLA-A*01:01,
2026-10-03 14:03:15,groove:A*01:01,concat,mlp,naive,5,27946,220,54.86,tied,0.1712,0.1712,0.1712,0.1712,1,0.1,0.0437,0.4136,0.8251,0.5395,0.0437,0.1818,0.2067,HLA-A*01:01,
2026-10-03 14:04:10,groove:A*01:01,concat,mlp,tobit,5,27946,220,55.07,tied,0.1647,0.1647,0.1647,0.1647,1,0.1,0.0264,0.5409,0.861,0.7426,0.0264,0.2364,0.3532,HLA-A*01:01,
2026-10-03 14:04:21,groove:A*01:01,joint,ridge,tobit,5,27946,220,9.61,tied,-0.0636,-0.0636,-0.0636,-0.0636,1,0.0,-0.0667,0.6227,0.8742,0.8896,-0.0667,0.1136,0.1466,HLA-A*01:01,
2026-10-03 14:05:23,groove:A*01:01,joint,mlp,naive,5,27946,220,61.37,tied,0.0912,0.0912,0.0912,0.0912,1,0.2,0.0206,0.4455,0.9433,0.5539,0.0206,0.1955,0.2268,HLA-A*01:01,
2026-10-03 14:06:20,groove:A*01:01,joint,mlp,tobit,5,27946,220,57.54,tied,0.124,0.124,0.124,0.124,1,0.1,-0.016,0.5455,0.961,0.7468,-0.016,0.2773,0.3616,HLA-A*01:01,
2026-10-03 14:31:22,random,concat_groove,ridge,tobit,5,22532,5634,12.81,tied,0.2138,0.1228,0.289,-0.2251,68,0.2,0.0308,0.8319,0.7716,1.0379,0.0308,0.3028,0.3574,,
2026-10-03 14:32:40,random,concat_groove,mlp,naive,5,22532,5634,77.49,tied,0.4116,0.2813,0.5054,-0.1263,68,0.3,-0.0075,0.7302,0.5987,0.7509,-0.0075,0.2675,0.2553,,
2026-10-03 14:34:00,random,concat_groove,mlp,tobit,5,22532,5634,78.76,tied,0.4006,0.3023,0.5021,-0.066,68,0.3,-0.016,0.8333,0.6391,0.9436,-0.016,0.3871,0.3451,,
2026-10-03 14:34:14,random,joint_groove,ridge,tobit,5,22532,5634,12.76,tied,0.2385,0.1445,0.347,-0.2076,68,0.2,0.0084,0.809,0.7662,1.0079,0.0084,0.2507,0.2512,,
2026-10-03 14:35:22,random,joint_groove,mlp,naive,5,22532,5634,66.9,tied,0.3893,0.2582,0.4719,-0.1522,68,0.2,-0.015,0.7196,0.6157,0.7466,-0.015,0.2583,0.2633,,
2026-10-03 14:36:21,random,joint_groove,mlp,tobit,5,22532,5634,58.66,tied,0.363,0.2543,0.4765,-0.0481,68,0.2,0.0021,0.8295,0.6736,0.9495,0.0021,0.325,0.3267,,
2026-10-03 14:36:31,random,concat_pseudo,ridge,tobit,5,22532,5634,9.26,tied,0.2081,0.1014,0.2862,-0.1783,68,0.2,0.0252,0.8346,0.7577,1.016,0.0252,0.2599,0.3092,,
2026-10-03 14:37:27,random,concat_pseudo,mlp,naive,5,22532,5634,56.38,tied,0.42,0.333,0.5155,-0.2006,68,0.3,-0.0022,0.7412,0.5982,0.7343,-0.0022,0.2713,0.2554,,
2026-10-03 14:38:26,random,concat_pseudo,mlp,tobit,5,22532,5634,58.23,tied,0.4035,0.3028,0.5043,-0.1402,68,0.3,0.0045,0.8434,0.6452,0.9424,0.0045,0.404,0.3562,,
2026-10-03 14:38:36,random,joint_pseudo,ridge,tobit,5,22532,5634,9.34,tied,0.199,0.1239,0.2968,-0.1232,68,0.2,0.0364,0.8243,0.7804,0.9947,0.0364,0.2519,0.2651,,
2026-10-03 14:39:38,random,joint_pseudo,mlp,naive,5,22532,5634,62.0,tied,0.3515,0.2185,0.4977,-0.089,68,0.2,0.006,0.7379,0.6052,0.7571,0.006,0.2589,0.2682,,
2026-10-03 14:40:39,random,joint_pseudo,mlp,tobit,5,22532,5634,60.59,tied,0.343,0.2008,0.4768,-0.122,68,0.2,0.0119,0.816,0.6828,0.9462,0.0119,0.3809,0.3488,,
2026-10-03 14:40:49,by_peptide,concat_groove,ridge,tobit,5,22281,5885,8.89,tied,0.1704,0.068,0.3182,-0.2633,68,0.2,0.0646,0.7422,0.7523,0.891,0.0646,0.1571,0.1808,,
2026-10-03 14:41:48,by_peptide,concat_groove,mlp,naive,5,22281,5885,58.5,tied,0.4629,0.3578,0.5399,0.0157,68,0.3,0.0067,0.5506,0.6013,0.5039,0.0067,0.2415,0.2057,,
2026-10-03 14:42:51,by_peptide,concat_groove,mlp,tobit,5,22281,5885,62.68,tied,0.4319,0.3574,0.5305,0.026,68,0.3,0.0606,0.6541,0.6776,0.6652,0.0606,0.2725,0.2671,,
2026-10-03 14:43:02,by_peptide,joint_groove,ridge,tobit,5,22281,5885,9.71,tied,0.2164,0.0771,0.3367,-0.1842,68,0.2,0.0323,0.7545,0.7743,0.8868,0.0323,0.1353,0.1684,,
2026-10-03 14:44:02,by_peptide,joint_groove,mlp,naive,5,22281,5885,59.79,tied,0.3788,0.3183,0.5019,-0.0484,68,0.3,-0.0017,0.5,0.6324,0.4744,-0.0017,0.25,0.2098,,
2026-10-03 14:44:47,by_peptide,joint_groove,mlp,tobit,5,22281,5885,44.0,tied,0.3705,0.2942,0.4998,-0.0722,68,0.3,0.0086,0.6036,0.7192,0.6444,0.0086,0.2786,0.277,,
2026-10-03 14:44:52,by_peptide,concat_pseudo,ridge,tobit,5,22281,5885,5.05,tied,0.166,0.0609,0.3151,-0.2582,68,0.2,0.0407,0.7364,0.7548,0.8908,0.0407,0.1557,0.1777,,
2026-10-03 14:45:41,by_peptide,concat_pseudo,mlp,naive,5,22281,5885,48.31,tied,0.4655,0.3794,0.5693,0.0138,68,0.3,0.0353,0.5371,0.6018,0.5019,0.0353,0.25,0.2155,,
2026-10-03 14:46:42,by_peptide,concat_pseudo,mlp,tobit,5,22281,5885,61.25,tied,0.4352,0.3732,0.5654,0.0328,68,0.3,0.0275,0.6553,0.6719,0.6562,0.0275,0.313,0.2733,,
2026-10-03 14:46:52,by_peptide,joint_pseudo,ridge,tobit,5,22281,5885,9.78,tied,0.238,0.1456,0.3547,-0.1887,68,0.2,0.0309,0.7347,0.7617,0.8781,0.0309,0.1341,0.1392,,
2026-10-03 14:47:54,by_peptide,joint_pseudo,mlp,naive,5,22281,5885,61.09,tied,0.4393,0.3007,0.52,0.1198,68,0.3,0.0339,0.5346,0.6231,0.492,0.0339,0.2422,0.2134,,
2026-10-03 14:49:12,by_peptide,joint_pseudo,mlp,tobit,5,22281,5885,77.83,tied,0.3975,0.2886,0.4891,0.1248,68,0.3,0.0277,0.6231,0.702,0.6455,0.0277,0.2802,0.2546,,
2026-10-03 14:50:41,groove:A*02:01 +8,concat_groove,mlp,naive,5,24520,3646,86.87,tied,-0.0023,-0.0146,0.1653,-0.1754,9,0.1,0.0828,0.1921,1.328,0.5268,0.0828,0.0847,0.2638,HLA-A*02:01;HLA-A*02:03;HLA-A*02:05;HLA-A*02:10;HLA-A*02:11;HLA-A*02:12;HLA-A*02:16;HLA-A*02:19;HLA-A*02:50,
2026-10-03 14:52:07,groove:A*02:01 +8,concat_groove,mlp,tobit,5,24520,3646,85.21,tied,0.0252,-0.0153,0.1807,-0.1507,9,0.2,0.0511,0.3226,1.3552,0.768,0.0511,0.1794,0.4681,HLA-A*02:01;HLA-A*02:03;HLA-A*02:05;HLA-A*02:10;HLA-A*02:11;HLA-A*02:12;HLA-A*02:16;HLA-A*02:19;HLA-A*02:50,
2026-10-03 14:53:19,groove:A*02:01 +8,joint_groove,mlp,naive,5,24520,3646,71.72,tied,0.004,-0.0217,0.0297,-0.0909,9,0.0,0.0494,0.1716,1.3543,0.4992,0.0494,0.0633,0.2459,HLA-A*02:01;HLA-A*02:03;HLA-A*02:05;HLA-A*02:10;HLA-A*02:11;HLA-A*02:12;HLA-A*02:16;HLA-A*02:19;HLA-A*02:50,
2026-10-03 14:54:54,groove:A*02:01 +8,joint_groove,mlp,tobit,5,24520,3646,94.7,tied,-0.0047,-0.0197,0.0125,-0.1022,9,0.0,0.0049,0.2064,1.6333,0.6919,0.0049,0.1046,0.346,HLA-A*02:01;HLA-A*02:03;HLA-A*02:05;HLA-A*02:10;HLA-A*02:11;HLA-A*02:12;HLA-A*02:16;HLA-A*02:19;HLA-A*02:50,
2026-10-03 14:56:56,groove:A*02:01 +8,concat_pseudo,mlp,naive,5,24520,3646,120.61,tied,0.1596,0.0932,0.2211,-0.1364,9,0.1,-0.0126,0.3118,0.982,0.5062,-0.0126,0.1429,0.23,HLA-A*02:01;HLA-A*02:03;HLA-A*02:05;HLA-A*02:10;HLA-A*02:11;HLA-A*02:12;HLA-A*02:16;HLA-A*02:19;HLA-A*02:50,
2026-10-03 14:57:40,groove:A*02:01 +8,concat_pseudo,mlp,tobit,5,24520,3646,43.1,tied,0.1592,0.0657,0.1971,-0.1903,9,0.1,0.0196,0.3333,1.0246,0.6559,0.0196,0.1429,0.2591,HLA-A*02:01;HLA-A*02:03;HLA-A*02:05;HLA-A*02:10;HLA-A*02:11;HLA-A*02:12;HLA-A*02:16;HLA-A*02:19;HLA-A*02:50,
2026-10-03 14:58:50,groove:A*02:01 +8,joint_pseudo,mlp,naive,5,24520,3646,69.85,tied,0.0675,0.0115,0.0829,-0.2202,9,0.2,-0.0081,0.1328,1.5486,0.5088,-0.0081,0.0508,0.2615,HLA-A*02:01;HLA-A*02:03;HLA-A*02:05;HLA-A*02:10;HLA-A*02:11;HLA-A*02:12;HLA-A*02:16;HLA-A*02:19;HLA-A*02:50,
2026-10-03 15:00:09,groove:A*02:01 +8,joint_pseudo,mlp,tobit,5,24520,3646,78.33,tied,0.0457,0.0144,0.0855,-0.15,9,0.1,-0.0984,0.1504,1.7119,0.6957,-0.0984,0.0712,0.3595,HLA-A*02:01;HLA-A*02:03;HLA-A*02:05;HLA-A*02:10;HLA-A*02:11;HLA-A*02:12;HLA-A*02:16;HLA-A*02:19;HLA-A*02:50,
2026-10-03 15:01:32,groove:B*15:01 +5,concat_groove,mlp,naive,5,25331,2835,82.16,tied,0.1755,0.1246,0.267,-0.0198,6,0.15,-0.0085,0.4446,0.9382,0.4989,-0.0085,0.1799,0.2017,HLA-B*15:01;HLA-B*15:02;HLA-B*15:10;HLA-B*35:01;HLA-B*35:03;HLA-B*35:08,
2026-10-03 15:03:10,groove:B*15:01 +5,concat_groove,mlp,tobit,5,25331,2835,97.14,tied,0.1527,0.1187,0.274,-0.0255,6,0.25,-0.0094,0.5471,1.0306,0.6493,-0.0094,0.2031,0.2211,HLA-B*15:01;HLA-B*15:02;HLA-B*15:10;HLA-B*35:01;HLA-B*35:03;HLA-B*35:08,
2026-10-03 15:04:34,groove:B*15:01 +5,joint_groove,mlp,naive,5,25331,2835,82.79,tied,0.1389,0.0609,0.2448,-0.0081,6,0.1,0.0627,0.4967,1.0038,0.4925,0.0627,0.2293,0.2249,HLA-B*15:01;HLA-B*15:02;HLA-B*15:10;HLA-B*35:01;HLA-B*35:03;HLA-B*35:08,
2026-10-03 15:06:01,groove:B*15:01 +5,joint_groove,mlp,tobit,5,25331,2835,86.84,tied,0.1351,0.0988,0.2379,0.0034,6,0.1,0.0282,0.5464,1.1639,0.6605,0.0282,0.2658,0.2857,HLA-B*15:01;HLA-B*15:02;HLA-B*15:10;HLA-B*35:01;HLA-B*35:03;HLA-B*35:08,
2026-10-03 15:07:42,groove:B*15:01 +5,concat_pseudo,mlp,naive,5,25331,2835,100.4,tied,0.1694,0.0953,0.2999,0.0414,6,0.05,-0.035,0.5429,0.7486,0.5118,-0.035,0.1961,0.247,HLA-B*15:01;HLA-B*15:02;HLA-B*15:10;HLA-B*35:01;HLA-B*35:03;HLA-B*35:08,
2026-10-03 15:09:37,groove:B*15:01 +5,concat_pseudo,mlp,tobit,5,25331,2835,112.42,tied,0.1368,0.0733,0.2752,0.0426,6,0.05,-0.0304,0.5806,0.8663,0.7294,-0.0304,0.3176,0.3986,HLA-B*15:01;HLA-B*15:02;HLA-B*15:10;HLA-B*35:01;HLA-B*35:03;HLA-B*35:08,
2026-10-03 15:11:31,groove:B*15:01 +5,joint_pseudo,mlp,naive,5,25331,2835,112.16,tied,0.169,0.0974,0.2528,0.0619,6,0.1,0.0633,0.4961,0.8659,0.5022,0.0633,0.2527,0.2109,HLA-B*15:01;HLA-B*15:02;HLA-B*15:10;HLA-B*35:01;HLA-B*35:03;HLA-B*35:08,
2026-10-03 15:14:55,groove:B*15:01 +5,joint_pseudo,mlp,tobit,5,25331,2835,202.65,tied,0.2117,0.1646,0.2546,0.1086,6,0.1,0.1099,0.6327,0.9771,0.6742,0.1099,0.2822,0.293,HLA-B*15:01;HLA-B*15:02;HLA-B*15:10;HLA-B*35:01;HLA-B*35:03;HLA-B*35:08,
2026-10-03 15:16:53,groove:B*14:01(C67S) +5,concat_groove,mlp,naive,5,25600,2566,115.84,tied,0.1096,0.077,0.1587,0.0504,6,0.3,0.0092,0.2842,0.7572,0.5155,0.0092,0.115,0.2342,HLA-B*14:01(C67S);HLA-B*14:02(C67S);HLA-B*39:01;HLA-B*39:02;HLA-B*39:06(C67S);HLA-B*39:10,
2026-10-03 15:18:47,groove:B*14:01(C67S) +5,concat_groove,mlp,tobit,5,25600,2566,113.32,tied,0.1155,0.0817,0.1877,0.0641,6,0.3,-0.0204,0.4514,0.7978,0.6633,-0.0204,0.1913,0.292,HLA-B*14:01(C67S);HLA-B*14:02(C67S);HLA-B*39:01;HLA-B*39:02;HLA-B*39:06(C67S);HLA-B*39:10,
2026-10-03 15:21:01,groove:B*14:01(C67S) +5,joint_groove,mlp,naive,5,25600,2566,129.62,tied,0.0638,-0.0008,0.1054,-0.1161,6,0.1,0.0182,0.2549,0.8437,0.4916,0.0182,0.1057,0.2286,HLA-B*14:01(C67S);HLA-B*14:02(C67S);HLA-B*39:01;HLA-B*39:02;HLA-B*39:06(C67S);HLA-B*39:10,
2026-10-03 15:23:00,groove:B*14:01(C67S) +5,joint_groove,mlp,tobit,5,25600,2566,115.17,tied,0.0451,-0.0028,0.0934,-0.1257,6,0.1,-0.0067,0.4419,1.0018,0.6548,-0.0067,0.2003,0.3012,HLA-B*14:01(C67S);HLA-B*14:02(C67S);HLA-B*39:01;HLA-B*39:02;HLA-B*39:06(C67S);HLA-B*39:10,
2026-10-03 15:24:52,groove:B*14:01(C67S) +5,concat_pseudo,mlp,naive,5,25600,2566,110.48,tied,0.1123,0.0777,0.1769,0.0637,6,0.3,-0.0574,0.5205,0.9814,0.5184,-0.0574,0.2614,0.2586,HLA-B*14:01(C67S);HLA-B*14:02(C67S);HLA-B*39:01;HLA-B*39:02;HLA-B*39:06(C67S);HLA-B*39:10,
2026-10-03 15:25:58,groove:B*14:01(C67S) +5,concat_pseudo,mlp,tobit,5,25600,2566,65.75,tied,0.1057,0.0638,0.1602,0.0549,6,0.2,0.0062,0.3769,1.24,0.6492,0.0062,0.1358,0.2851,HLA-B*14:01(C67S);HLA-B*14:02(C67S);HLA-B*39:01;HLA-B*39:02;HLA-B*39:06(C67S);HLA-B*39:10,
2026-10-03 15:27:31,groove:B*14:01(C67S) +5,joint_pseudo,mlp,naive,5,25600,2566,92.66,tied,0.1107,0.0857,0.1459,0.076,6,0.2,0.0496,0.4278,0.9647,0.486,0.0496,0.1961,0.2097,HLA-B*14:01(C67S);HLA-B*14:02(C67S);HLA-B*39:01;HLA-B*39:02;HLA-B*39:06(C67S);HLA-B*39:10,
2026-10-03 15:29:00,groove:B*14:01(C67S) +5,joint_pseudo,mlp,tobit,5,25600,2566,87.81,tied,0.0966,0.0842,0.1544,0.0674,6,0.2,0.0194,0.6111,1.0968,0.6609,0.0194,0.3184,0.301,HLA-B*14:01(C67S);HLA-B*14:02(C67S);HLA-B*39:01;HLA-B*39:02;HLA-B*39:06(C67S);HLA-B*39:10,
2026-10-03 15:30:24,groove:A*03:01 +3,concat_groove,mlp,naive,5,25975,2191,82.19,tied,0.117,0.0303,0.215,0.0151,4,0.05,0.0799,0.309,1.3219,0.5135,0.0799,0.1451,0.23,HLA-A*03:01;HLA-A*11:01;HLA-A*30:01;HLA-A*30:02,
2026-10-03 15:31:51,groove:A*03:01 +3,concat_groove,mlp,tobit,5,25975,2191,86.78,tied,0.1379,0.0568,0.2135,-0.0186,4,0.0,0.0056,0.3508,1.4882,0.6511,0.0056,0.1397,0.2573,HLA-A*03:01;HLA-A*11:01;HLA-A*30:01;HLA-A*30:02,
2026-10-03 15:33:20,groove:A*03:01 +3,joint_groove,mlp,naive,5,25975,2191,88.16,tied,0.0025,-0.0781,0.1169,-0.0874,4,0.0,-0.0003,0.2865,1.28,0.4731,-0.0003,0.1135,0.1886,HLA-A*03:01;HLA-A*11:01;HLA-A*30:01;HLA-A*30:02,
2026-10-03 15:34:36,groove:A*03:01 +3,joint_groove,mlp,tobit,5,25975,2191,74.91,tied,0.0547,-0.0318,0.1452,-0.0883,4,0.0,0.0452,0.3764,1.5347,0.6497,0.0452,0.1842,0.2892,HLA-A*03:01;HLA-A*11:01;HLA-A*30:01;HLA-A*30:02,
2026-10-03 15:35:51,groove:A*03:01 +3,concat_pseudo,mlp,naive,5,25975,2191,74.92,tied,0.0313,-0.0399,0.1237,-0.1128,4,0.0,0.0366,0.3071,1.3917,0.4882,0.0366,0.1285,0.1937,HLA-A*03:01;HLA-A*11:01;HLA-A*30:01;HLA-A*30:02,
2026-10-03 15:37:07,groove:A*03:01 +3,concat_pseudo,mlp,tobit,5,25975,2191,75.71,tied,0.0552,-0.0095,0.1402,-0.0726,4,0.0,-0.0332,0.3322,1.6805,0.6528,-0.0332,0.1638,0.2833,HLA-A*03:01;HLA-A*11:01;HLA-A*30:01;HLA-A*30:02,
2026-10-03 15:38:21,groove:A*03:01 +3,joint_pseudo,mlp,naive,5,25975,2191,73.38,tied,0.0439,-0.0041,0.1333,-0.0048,4,0.1,-0.0114,0.3305,1.2695,0.4949,-0.0114,0.133,0.2059,HLA-A*03:01;HLA-A*11:01;HLA-A*30:01;HLA-A*30:02,
2026-10-03 15:39:36,groove:A*03:01 +3,joint_pseudo,mlp,tobit,5,25975,2191,74.22,tied,0.0776,0.0324,0.1575,0.0285,4,0.15,0.0341,0.387,1.4281,0.6339,0.0341,0.1621,0.2439,HLA-A*03:01;HLA-A*11:01;HLA-A*30:01;HLA-A*30:02,
2026-10-03 15:40:47,groove:A*23:01 +4,concat_groove,mlp,naive,5,25979,2187,71.23,tied,0.0085,-0.0131,0.0896,-0.0289,5,0.1,0.0099,0.4188,0.9635,0.5896,0.0099,0.2426,0.3558,HLA-A*23:01;HLA-A*24:02;HLA-A*24:03;HLA-A*24:07;HLA-A*24:19,
2026-10-03 15:42:00,groove:A*23:01 +4,concat_groove,mlp,tobit,5,25979,2187,72.39,tied,-0.0,-0.0029,0.0477,-0.0409,5,0.0,0.0233,0.3977,1.144,0.741,0.0233,0.2301,0.4065,HLA-A*23:01;HLA-A*24:02;HLA-A*24:03;HLA-A*24:07;HLA-A*24:19,
2026-10-03 15:43:15,groove:A*23:01 +4,joint_groove,mlp,naive,5,25979,2187,74.36,tied,0.1185,0.0869,0.1819,0.0058,5,0.1,-0.0487,0.429,0.7926,0.5371,-0.0487,0.2045,0.2639,HLA-A*23:01;HLA-A*24:02;HLA-A*24:03;HLA-A*24:07;HLA-A*24:19,
2026-10-03 15:44:17,groove:A*23:01 +4,joint_groove,mlp,tobit,5,25979,2187,62.13,tied,0.0676,0.0432,0.1541,0.0052,5,0.0,0.05,0.5227,0.8645,0.6917,0.05,0.2557,0.3366,HLA-A*23:01;HLA-A*24:02;HLA-A*24:03;HLA-A*24:07;HLA-A*24:19,
2026-10-03 15:45:16,groove:A*23:01 +4,concat_pseudo,mlp,naive,5,25979,2187,58.41,tied,0.037,0.0179,0.1127,-0.1963,5,0.2,0.0451,0.3848,0.9542,0.5306,0.0451,0.1602,0.2506,HLA-A*23:01;HLA-A*24:02;HLA-A*24:03;HLA-A*24:07;HLA-A*24:19,
2026-10-03 15:46:19,groove:A*23:01 +4,concat_pseudo,mlp,tobit,5,25979,2187,62.43,tied,0.0752,0.0263,0.1028,-0.177,5,0.3,-0.0368,0.3984,1.1598,0.7286,-0.0368,0.2182,0.3933,HLA-A*23:01;HLA-A*24:02;HLA-A*24:03;HLA-A*24:07;HLA-A*24:19,
2026-10-03 15:47:21,groove:A*23:01 +4,joint_pseudo,mlp,naive,5,25979,2187,61.22,tied,0.0573,0.024,0.2021,-0.0824,5,0.1,0.0607,0.3555,1.1225,0.5278,0.0607,0.168,0.2579,HLA-A*23:01;HLA-A*24:02;HLA-A*24:03;HLA-A*24:07;HLA-A*24:19,
2026-10-03 15:48:00,groove:A*23:01 +4,joint_pseudo,mlp,tobit,5,25979,2187,38.92,tied,0.0392,0.0373,0.2258,-0.0907,5,0.1,0.1615,0.3182,1.3671,0.7035,0.1615,0.1406,0.3418,HLA-A*23:01;HLA-A*24:02;HLA-A*24:03;HLA-A*24:07;HLA-A*24:19,
2026-10-03 15:48:35,groove:A*25:01 +5,concat_groove,mlp,naive,5,26106,2060,35.23,tied,0.1487,0.1035,0.2039,0.0535,6,0.1,-0.0485,0.4488,0.8108,0.54,-0.0485,0.2536,0.282,HLA-A*25:01;HLA-A*26:01;HLA-A*26:02;HLA-A*26:03;HLA-A*43:01;HLA-A*66:01,
2026-10-03 15:49:12,groove:A*25:01 +5,concat_groove,mlp,tobit,5,26106,2060,36.41,tied,0.1336,0.0776,0.1987,0.0483,6,0.05,-0.0085,0.5283,1.0233,0.6722,-0.0085,0.271,0.3061,HLA-A*25:01;HLA-A*26:01;HLA-A*26:02;HLA-A*26:03;HLA-A*43:01;HLA-A*66:01,
2026-10-03 15:49:47,groove:A*25:01 +5,joint_groove,mlp,naive,5,26106,2060,35.19,tied,0.0241,-0.0287,0.038,-0.0698,6,0.05,-0.0123,0.4282,0.9415,0.4953,-0.0123,0.2181,0.2357,HLA-A*25:01;HLA-A*26:01;HLA-A*26:02;HLA-A*26:03;HLA-A*43:01;HLA-A*66:01,
2026-10-03 15:50:24,groove:A*25:01 +5,joint_groove,mlp,tobit,5,26106,2060,36.38,tied,0.0364,-0.0123,0.0808,-0.0473,6,0.1,-0.0499,0.4912,1.1279,0.6749,-0.0499,0.2603,0.3355,HLA-A*25:01;HLA-A*26:01;HLA-A*26:02;HLA-A*26:03;HLA-A*43:01;HLA-A*66:01,
2026-10-03 15:50:58,groove:A*25:01 +5,concat_pseudo,mlp,naive,5,26106,2060,34.63,tied,0.1404,0.0914,0.201,0.0711,6,0.15,0.0635,0.4465,0.8975,0.4822,0.0635,0.1696,0.1907,HLA-A*25:01;HLA-A*26:01;HLA-A*26:02;HLA-A*26:03;HLA-A*43:01;HLA-A*66:01,
2026-10-03 15:51:37,groove:A*25:01 +5,concat_pseudo,mlp,tobit,5,26106,2060,38.65,tied,0.0779,0.0552,0.1673,-0.0048,6,0.1,-0.0504,0.4635,1.1194,0.6572,-0.0504,0.2209,0.286,HLA-A*25:01;HLA-A*26:01;HLA-A*26:02;HLA-A*26:03;HLA-A*43:01;HLA-A*66:01,
2026-10-03 15:52:21,groove:A*25:01 +5,joint_pseudo,mlp,naive,5,26106,2060,43.59,tied,0.1248,0.1138,0.1817,0.0879,6,0.15,0.0121,0.396,1.0525,0.4966,0.0121,0.1801,0.2241,HLA-A*25:01;HLA-A*26:01;HLA-A*26:02;HLA-A*26:03;HLA-A*43:01;HLA-A*66:01,
2026-10-03 15:53:05,groove:A*25:01 +5,joint_pseudo,mlp,tobit,5,26106,2060,43.89,tied,0.1243,0.0875,0.1758,0.081,6,0.15,-0.0105,0.5119,1.245,0.6591,-0.0105,0.2176,0.2926,HLA-A*25:01;HLA-A*26:01;HLA-A*26:02;HLA-A*26:03;HLA-A*43:01;HLA-A*66:01,
2026-10-03 15:53:55,groove:B*15:17 +4,concat_groove,mlp,naive,5,26344,1822,49.22,tied,0.1028,0.0545,0.1117,0.0178,5,0.1,-0.0013,0.5718,0.781,0.5201,-0.0013,0.2358,0.2259,HLA-B*15:17;HLA-B*57:01;HLA-B*57:02;HLA-B*57:03;HLA-B*58:01,
2026-10-03 15:54:42,groove:B*15:17 +4,concat_groove,mlp,tobit,5,26344,1822,46.83,tied,0.0327,-0.0472,0.0635,-0.0505,5,0.1,-0.0327,0.6722,0.8507,0.7145,-0.0327,0.3564,0.3728,HLA-B*15:17;HLA-B*57:01;HLA-B*57:02;HLA-B*57:03;HLA-B*58:01,
2026-10-03 15:55:32,groove:B*15:17 +4,joint_groove,mlp,naive,5,26344,1822,49.15,tied,0.0857,0.0022,0.2131,-0.0221,5,0.2,0.1207,0.584,0.5774,0.5297,0.1207,0.3686,0.301,HLA-B*15:17;HLA-B*57:01;HLA-B*57:02;HLA-B*57:03;HLA-B*58:01,
2026-10-03 15:56:21,groove:B*15:17 +4,joint_groove,mlp,tobit,5,26344,1822,49.08,tied,0.0569,-0.0042,0.1935,-0.0106,5,0.1,0.0897,0.6287,0.6475,0.7045,0.0897,0.3252,0.3846,HLA-B*15:17;HLA-B*57:01;HLA-B*57:02;HLA-B*57:03;HLA-B*58:01,
2026-10-03 15:57:15,groove:B*15:17 +4,concat_pseudo,mlp,naive,5,26344,1822,52.59,tied,-0.0428,-0.0636,0.1318,-0.1186,5,0.1,0.0582,0.5647,0.6902,0.5401,0.0582,0.281,0.2826,HLA-B*15:17;HLA-B*57:01;HLA-B*57:02;HLA-B*57:03;HLA-B*58:01,
2026-10-03 15:58:07,groove:B*15:17 +4,concat_pseudo,mlp,tobit,5,26344,1822,51.57,tied,-0.0714,-0.104,0.083,-0.1418,5,0.1,0.0422,0.4634,0.8716,0.6569,0.0422,0.1897,0.2662,HLA-B*15:17;HLA-B*57:01;HLA-B*57:02;HLA-B*57:03;HLA-B*58:01,
2026-10-03 15:58:54,groove:B*15:17 +4,joint_pseudo,mlp,naive,5,26344,1822,45.86,tied,0.0288,0.0039,0.0759,-0.0791,5,0.1,0.0264,0.5122,0.6748,0.5204,0.0264,0.252,0.2511,HLA-B*15:17;HLA-B*57:01;HLA-B*57:02;HLA-B*57:03;HLA-B*58:01,
2026-10-03 15:59:42,groove:B*15:17 +4,joint_pseudo,mlp,tobit,5,26344,1822,47.93,tied,0.0233,-0.0425,0.0297,-0.1193,5,0.1,0.0739,0.4723,0.8282,0.677,0.0739,0.1862,0.3131,HLA-B*15:17;HLA-B*57:01;HLA-B*57:02;HLA-B*57:03;HLA-B*58:01,
2026-10-03 16:00:30,groove:B*07:02 +3,concat_groove,mlp,naive,5,26426,1740,47.2,tied,0.1907,0.163,0.2059,0.0894,4,0.15,0.0222,0.2221,1.2846,0.5313,0.0222,0.0938,0.2581,HLA-B*07:02;HLA-B*42:01;HLA-B*42:02;HLA-B*81:01,
2026-10-03 16:01:19,groove:B*07:02 +3,concat_groove,mlp,tobit,5,26426,1740,48.6,tied,0.2378,0.2127,0.2498,0.1511,4,0.25,-0.0267,0.1582,1.6361,0.6791,-0.0267,0.082,0.2918,HLA-B*07:02;HLA-B*42:01;HLA-B*42:02;HLA-B*81:01,
2026-10-03 16:02:01,groove:B*07:02 +3,joint_groove,mlp,naive,5,26426,1740,41.79,tied,0.2151,0.1807,0.252,0.1413,4,0.05,0.0308,0.3016,1.0436,0.4953,0.0308,0.136,0.2085,HLA-B*07:02;HLA-B*42:01;HLA-B*42:02;HLA-B*81:01,
2026-10-03 16:02:44,groove:B*07:02 +3,joint_groove,mlp,tobit,5,26426,1740,42.76,tied,0.233,0.1969,0.2716,0.1305,4,0.1,0.1333,0.4415,1.1695,0.682,0.1333,0.1912,0.3295,HLA-B*07:02;HLA-B*42:01;HLA-B*42:02;HLA-B*81:01,
2026-10-03 16:03:35,groove:B*07:02 +3,concat_pseudo,mlp,naive,5,26426,1740,50.13,tied,0.2247,0.1776,0.253,0.084,4,0.1,0.0371,0.3887,0.8224,0.512,0.0371,0.1747,0.2217,HLA-B*07:02;HLA-B*42:01;HLA-B*42:02;HLA-B*81:01,
2026-10-03 16:04:44,groove:B*07:02 +3,concat_pseudo,mlp,tobit,5,26426,1740,68.68,tied,0.253,0.2201,0.2792,0.1353,4,0.2,-0.0387,0.5488,0.7894,0.6778,-0.0387,0.2662,0.3085,HLA-B*07:02;HLA-B*42:01;HLA-B*42:02;HLA-B*81:01,
2026-10-03 16:05:26,groove:B*07:02 +3,joint_pseudo,mlp,naive,5,26426,1740,41.43,tied,0.1966,0.1595,0.2226,0.0725,4,0.05,0.034,0.3903,0.8883,0.5046,0.034,0.1654,0.2195,HLA-B*07:02;HLA-B*42:01;HLA-B*42:02;HLA-B*81:01,
2026-10-03 16:06:19,groove:B*07:02 +3,joint_pseudo,mlp,tobit,5,26426,1740,53.21,tied,0.2362,0.1998,0.2528,0.0963,4,0.1,0.0257,0.486,0.9652,0.6694,0.0257,0.2037,0.2879,HLA-B*07:02;HLA-B*42:01;HLA-B*42:02;HLA-B*81:01,
2026-10-03 16:07:21,groove:A*31:01 +4,concat_groove,mlp,naive,5,26656,1510,61.15,tied,0.145,0.0838,0.4114,0.0815,5,0.1,-0.0239,0.3629,0.935,0.611,-0.0239,0.1484,0.2659,HLA-A*31:01;HLA-A*32:01;HLA-A*32:07;HLA-A*33:03;HLA-A*74:01,
2026-10-03 16:08:24,groove:A*31:01 +4,concat_groove,mlp,tobit,5,26656,1510,63.24,tied,0.1005,0.0245,0.365,-0.0203,5,0.1,0.0148,0.4017,0.9867,0.7439,0.0148,0.1562,0.3007,HLA-A*31:01;HLA-A*32:01;HLA-A*32:07;HLA-A*33:03;HLA-A*74:01,
2026-10-03 16:09:16,groove:A*31:01 +4,joint_groove,mlp,naive,5,26656,1510,51.03,tied,0.1011,0.0541,0.3675,-0.2337,5,0.0,-0.0308,0.3379,0.9135,0.5859,-0.0308,0.1429,0.2331,HLA-A*31:01;HLA-A*32:01;HLA-A*32:07;HLA-A*33:03;HLA-A*74:01,
2026-10-03 16:10:17,groove:A*31:01 +4,joint_groove,mlp,tobit,5,26656,1510,61.03,tied,0.0606,0.0112,0.3651,-0.1958,5,0.1,0.0159,0.4258,0.9618,0.7247,0.0159,0.1859,0.2734,HLA-A*31:01;HLA-A*32:01;HLA-A*32:07;HLA-A*33:03;HLA-A*74:01,
2026-10-03 16:11:14,groove:A*31:01 +4,concat_pseudo,mlp,naive,5,26656,1510,55.82,tied,0.1216,0.1142,0.3991,-0.1601,5,0.1,-0.0078,0.2965,1.2269,0.6552,-0.0078,0.1994,0.3453,HLA-A*31:01;HLA-A*32:01;HLA-A*32:07;HLA-A*33:03;HLA-A*74:01,
2026-10-03 16:12:02,groove:A*31:01 +4,concat_pseudo,mlp,tobit,5,26656,1510,48.2,tied,0.0901,0.0825,0.4174,-0.1433,5,0.0,-0.1139,0.3455,1.1454,0.7759,-0.1139,0.2147,0.3822,HLA-A*31:01;HLA-A*32:01;HLA-A*32:07;HLA-A*33:03;HLA-A*74:01,
2026-10-03 16:12:53,groove:A*31:01 +4,joint_pseudo,mlp,naive,5,26656,1510,50.8,tied,0.0395,-0.0183,0.3864,-0.1791,5,0.1,0.1132,0.3681,0.9177,0.6218,0.1132,0.1429,0.2964,HLA-A*31:01;HLA-A*32:01;HLA-A*32:07;HLA-A*33:03;HLA-A*74:01,
2026-10-03 16:13:45,groove:A*31:01 +4,joint_pseudo,mlp,tobit,5,26656,1510,50.8,tied,0.0243,0.0,0.3602,-0.1287,5,0.0,0.0223,0.4515,0.9698,0.7472,0.0223,0.1607,0.32,HLA-A*31:01;HLA-A*32:01;HLA-A*32:07;HLA-A*33:03;HLA-A*74:01,
2026-10-03 16:14:46,groove:B*27:02 +3,concat_groove,mlp,naive,5,26705,1461,61.05,tied,0.168,0.0167,0.3453,-0.0504,4,0.2,0.0038,0.3696,0.8082,0.5839,0.0038,0.1785,0.304,HLA-B*27:02;HLA-B*27:03;HLA-B*27:05;HLA-B*27:20,
2026-10-03 16:15:40,groove:B*27:02 +3,concat_groove,mlp,tobit,5,26705,1461,52.98,tied,0.1731,0.0408,0.3162,-0.0735,4,0.2,-0.0857,0.4334,0.9903,0.7238,-0.0857,0.2181,0.3475,HLA-B*27:02;HLA-B*27:03;HLA-B*27:05;HLA-B*27:20,
2026-10-03 16:16:32,groove:B*27:02 +3,joint_groove,mlp,naive,5,26705,1461,51.61,tied,0.2032,0.0995,0.2684,-0.086,4,0.25,-0.0625,0.3679,0.8079,0.5401,-0.0625,0.1929,0.2509,HLA-B*27:02;HLA-B*27:03;HLA-B*27:05;HLA-B*27:20,
2026-10-03 16:17:28,groove:B*27:02 +3,joint_groove,mlp,tobit,5,26705,1461,55.82,tied,0.2047,0.1014,0.2731,-0.0704,4,0.2,-0.0715,0.5178,0.8734,0.7345,-0.0715,0.2834,0.3924,HLA-B*27:02;HLA-B*27:03;HLA-B*27:05;HLA-B*27:20,
2026-10-03 16:18:21,groove:B*27:02 +3,concat_pseudo,mlp,naive,5,26705,1461,52.35,tied,0.2235,0.0703,0.3783,-0.0022,4,0.25,-0.0263,0.4062,0.8315,0.5637,-0.0263,0.231,0.2751,HLA-B*27:02;HLA-B*27:03;HLA-B*27:05;HLA-B*27:20,
2026-10-03 16:19:15,groove:B*27:02 +3,concat_pseudo,mlp,tobit,5,26705,1461,53.45,tied,0.2324,0.0956,0.3682,0.0079,4,0.35,-0.0208,0.4932,0.8065,0.685,-0.0208,0.1997,0.2816,HLA-B*27:02;HLA-B*27:03;HLA-B*27:05;HLA-B*27:20,
2026-10-03 16:20:01,groove:B*27:02 +3,joint_pseudo,mlp,naive,5,26705,1461,45.79,tied,0.1442,0.0101,0.3083,-0.0097,4,0.2,0.0354,0.3461,1.292,0.5803,0.0354,0.1773,0.2998,HLA-B*27:02;HLA-B*27:03;HLA-B*27:05;HLA-B*27:20,
2026-10-03 16:20:48,groove:B*27:02 +3,joint_pseudo,mlp,tobit,5,26705,1461,47.15,tied,0.1568,0.0496,0.2825,-0.0129,4,0.35,0.0717,0.3975,1.4696,0.7231,0.0717,0.1995,0.3544,HLA-B*27:02;HLA-B*27:03;HLA-B*27:05;HLA-B*27:20,
2026-10-03 16:21:32,groove:B*54:01 +2,concat_groove,mlp,naive,5,27063,1103,43.04,tied,0.2564,0.2088,0.2789,0.1612,3,0.3,0.0047,0.328,0.6512,0.539,0.0047,0.1658,0.2584,HLA-B*54:01;HLA-B*55:01;HLA-B*56:01,
2026-10-03 16:22:18,groove:B*54:01 +2,concat_groove,mlp,tobit,5,27063,1103,46.33,tied,0.2759,0.2358,0.3072,0.1956,3,0.3,-0.059,0.4868,0.7714,0.6676,-0.059,0.2129,0.275,HLA-B*54:01;HLA-B*55:01;HLA-B*56:01,
2026-10-03 16:23:08,groove:B*54:01 +2,joint_groove,mlp,naive,5,27063,1103,48.63,tied,0.2147,0.1311,0.233,0.0475,3,0.1,0.1217,0.3071,0.6461,0.4863,0.1217,0.1232,0.1953,HLA-B*54:01;HLA-B*55:01;HLA-B*56:01,
2026-10-03 16:23:51,groove:B*54:01 +2,joint_groove,mlp,tobit,5,27063,1103,42.86,tied,0.2866,0.1829,0.2887,0.0793,3,0.1,0.0089,0.4286,0.7275,0.6435,0.0089,0.2129,0.2679,HLA-B*54:01;HLA-B*55:01;HLA-B*56:01,
2026-10-03 16:24:35,groove:B*54:01 +2,concat_pseudo,mlp,naive,5,27063,1103,43.59,tied,0.301,0.2393,0.3939,0.1775,3,0.5,0.0286,0.3397,0.66,0.5011,0.0286,0.1223,0.2004,HLA-B*54:01;HLA-B*55:01;HLA-B*56:01,
2026-10-03 16:25:22,groove:B*54:01 +2,concat_pseudo,mlp,tobit,5,27063,1103,46.7,tied,0.3524,0.2915,0.4412,0.2306,3,0.6,0.0308,0.5326,0.7742,0.6927,0.0308,0.2646,0.346,HLA-B*54:01;HLA-B*55:01;HLA-B*56:01,
2026-10-03 16:26:11,groove:B*54:01 +2,joint_pseudo,mlp,naive,5,27063,1103,49.08,tied,0.1638,0.1224,0.1981,0.081,3,0.3,0.0416,0.3025,0.6763,0.4884,0.0416,0.1204,0.2091,HLA-B*54:01;HLA-B*55:01;HLA-B*56:01,
2026-10-03 16:27:07,groove:B*54:01 +2,joint_pseudo,mlp,tobit,5,27063,1103,55.69,tied,0.2023,0.1723,0.2387,0.1423,3,0.3,-0.0093,0.4891,0.8539,0.659,-0.0093,0.2364,0.2826,HLA-B*54:01;HLA-B*55:01;HLA-B*56:01,
2026-10-03 16:27:56,groove:B*40:01 +3,concat_groove,mlp,naive,5,27109,1057,49.16,tied,0.0467,0.0324,0.0946,0.018,3,0.1,0.1263,0.4538,0.6725,0.5168,0.1263,0.1549,0.2222,HLA-B*40:01;HLA-B*40:02;HLA-B*41:01;HLA-B*45:01,
2026-10-03 16:28:47,groove:B*40:01 +3,concat_groove,mlp,tobit,5,27109,1057,49.95,tied,0.0689,0.0668,0.1193,0.0648,3,0.2,-0.0272,0.6495,0.9956,0.6657,-0.0272,0.3016,0.2791,HLA-B*40:01;HLA-B*40:02;HLA-B*41:01;HLA-B*45:01,
2026-10-03 16:29:39,groove:B*40:01 +3,joint_groove,mlp,naive,5,27109,1057,51.69,tied,0.0695,0.0669,0.1126,0.0642,3,0.1,-0.0418,0.2826,0.8759,0.4928,-0.0418,0.0951,0.2005,HLA-B*40:01;HLA-B*40:02;HLA-B*41:01;HLA-B*45:01,
2026-10-03 16:30:29,groove:B*40:01 +3,joint_groove,mlp,tobit,5,27109,1057,50.36,tied,0.0641,0.0441,0.1053,0.0241,3,0.1,-0.0517,0.4212,0.9909,0.6513,-0.0517,0.1957,0.2778,HLA-B*40:01;HLA-B*40:02;HLA-B*41:01;HLA-B*45:01,
2026-10-03 16:31:18,groove:B*40:01 +3,concat_pseudo,mlp,naive,5,27109,1057,48.0,tied,0.0778,0.0646,0.1155,0.0515,3,0.0,-0.0193,0.288,0.9023,0.4824,-0.0193,0.1141,0.1731,HLA-B*40:01;HLA-B*40:02;HLA-B*41:01;HLA-B*45:01,
2026-10-03 16:32:09,groove:B*40:01 +3,concat_pseudo,mlp,tobit,5,27109,1057,51.14,tied,0.0946,0.0729,0.179,0.0512,3,0.2,0.0711,0.587,1.0987,0.6474,0.0711,0.2853,0.252,HLA-B*40:01;HLA-B*40:02;HLA-B*41:01;HLA-B*45:01,
2026-10-03 16:33:08,groove:B*40:01 +3,joint_pseudo,mlp,naive,5,27109,1057,58.2,tied,0.1059,0.0957,0.1676,0.0854,3,0.2,-0.0554,0.4266,0.7082,0.4973,-0.0554,0.1159,0.2041,HLA-B*40:01;HLA-B*40:02;HLA-B*41:01;HLA-B*45:01,
2026-10-03 16:34:02,groove:B*40:01 +3,joint_pseudo,mlp,tobit,5,27109,1057,52.8,tied,0.1207,0.0974,0.1989,0.0742,3,0.0,-0.0619,0.5897,0.9361,0.661,-0.0619,0.3016,0.2952,HLA-B*40:01;HLA-B*40:02;HLA-B*41:01;HLA-B*45:01,
2026-10-03 16:35:09,groove:B*08:01 +1,concat_groove,mlp,naive,5,27351,815,67.54,tied,0.1498,0.1375,0.162,0.1253,2,0.45,0.0046,0.3172,0.7713,0.5113,0.0046,0.1476,0.2169,HLA-B*08:01;HLA-B*08:03,
2026-10-03 16:36:16,groove:B*08:01 +1,concat_groove,mlp,tobit,5,27351,815,65.73,tied,0.1629,0.1597,0.1661,0.1565,2,0.4,0.072,0.4479,0.7675,0.6901,0.072,0.2335,0.3411,HLA-B*08:01;HLA-B*08:03,
2026-10-03 16:37:23,groove:B*08:01 +1,joint_groove,mlp,naive,5,27351,815,66.4,tied,0.1427,0.1276,0.1578,0.1124,2,0.45,0.0359,0.4789,0.5455,0.5253,0.0359,0.2441,0.268,HLA-B*08:01;HLA-B*08:03,
2026-10-03 16:38:10,groove:B*08:01 +1,joint_groove,mlp,tobit,5,27351,815,46.39,tied,0.1558,0.1469,0.1646,0.138,2,0.3,-0.0186,0.5193,0.6789,0.6693,-0.0186,0.2563,0.3221,HLA-B*08:01;HLA-B*08:03,
2026-10-03 16:39:00,groove:B*08:01 +1,concat_pseudo,mlp,naive,5,27351,815,49.54,tied,0.1396,0.1371,0.1421,0.1346,2,0.3,0.0215,0.4817,0.5447,0.4849,0.0215,0.1678,0.1865,HLA-B*08:01;HLA-B*08:03,
2026-10-03 16:39:49,groove:B*08:01 +1,concat_pseudo,mlp,tobit,5,27351,815,49.28,tied,0.1875,0.1804,0.1946,0.1734,2,0.4,0.0248,0.5886,0.743,0.6559,0.0248,0.2558,0.2854,HLA-B*08:01;HLA-B*08:03,
2026-10-03 16:40:35,groove:B*08:01 +1,joint_pseudo,mlp,naive,5,27351,815,45.52,tied,0.1123,0.104,0.1206,0.0957,2,0.2,0.0082,0.4792,0.5398,0.5064,0.0082,0.2405,0.2441,HLA-B*08:01;HLA-B*08:03,
2026-10-03 16:41:28,groove:B*08:01 +1,joint_pseudo,mlp,tobit,5,27351,815,52.11,tied,0.1406,0.1389,0.1424,0.1372,2,0.15,0.0302,0.5997,0.7423,0.6927,0.0302,0.3446,0.3594,HLA-B*08:01;HLA-B*08:03,
2026-10-03 16:42:13,groove:A*68:01 +3,concat_groove,mlp,naive,5,27379,787,44.91,tied,0.3299,0.3009,0.359,0.2718,2,0.3,-0.009,0.4161,0.7223,0.5039,-0.009,0.1711,0.1924,HLA-A*68:01;HLA-A*68:02;HLA-A*68:23;HLA-A*69:01,
2026-10-03 16:42:39,groove:A*68:01 +3,concat_groove,mlp,tobit,5,27379,787,25.73,tied,0.3366,0.3087,0.3645,0.2808,2,0.3,-0.046,0.4994,0.7638,0.6482,-0.046,0.2237,0.2437,HLA-A*68:01;HLA-A*68:02;HLA-A*68:23;HLA-A*69:01,
2026-10-03 16:43:06,groove:A*68:01 +3,joint_groove,mlp,naive,5,27379,787,26.89,tied,0.1641,0.1609,0.1673,0.1578,2,0.2,-0.0307,0.3728,0.7537,0.4999,-0.0307,0.1831,0.2326,HLA-A*68:01;HLA-A*68:02;HLA-A*68:23;HLA-A*69:01,
2026-10-03 16:43:32,groove:A*68:01 +3,joint_groove,mlp,tobit,5,27379,787,25.69,tied,0.1885,0.1723,0.2048,0.156,2,0.2,0.0125,0.5014,0.7705,0.6612,0.0125,0.2294,0.3107,HLA-A*68:01;HLA-A*68:02;HLA-A*68:23;HLA-A*69:01,
2026-10-03 16:43:58,groove:A*68:01 +3,concat_pseudo,mlp,naive,5,27379,787,25.91,tied,0.2837,0.2526,0.3148,0.2215,2,0.15,-0.0422,0.4617,0.802,0.522,-0.0422,0.2335,0.2493,HLA-A*68:01;HLA-A*68:02;HLA-A*68:23;HLA-A*69:01,
2026-10-03 16:44:26,groove:A*68:01 +3,concat_pseudo,mlp,tobit,5,27379,787,27.51,tied,0.2355,0.193,0.2781,0.1505,2,0.1,0.0374,0.5133,0.8693,0.656,0.0374,0.2312,0.2806,HLA-A*68:01;HLA-A*68:02;HLA-A*68:23;HLA-A*69:01,
2026-10-03 16:45:03,groove:A*68:01 +3,joint_pseudo,mlp,naive,5,27379,787,37.66,tied,0.2353,0.2009,0.2697,0.1665,2,0.4,0.0684,0.4372,0.7744,0.5152,0.0684,0.2108,0.2449,HLA-A*68:01;HLA-A*68:02;HLA-A*68:23;HLA-A*69:01,
2026-10-03 16:45:35,groove:A*68:01 +3,joint_pseudo,mlp,tobit,5,27379,787,31.04,tied,0.208,0.1721,0.2438,0.1363,2,0.5,0.0183,0.553,0.9075,0.7014,0.0183,0.3178,0.3789,HLA-A*68:01;HLA-A*68:02;HLA-A*68:23;HLA-A*69:01,
2026-10-03 16:46:03,groove:A*29:02,concat_groove,mlp,naive,5,27783,383,28.29,tied,0.402,0.402,0.402,0.402,1,0.3,-0.0947,0.5457,0.6424,0.5565,-0.0947,0.2533,0.2408,HLA-A*29:02,
2026-10-03 16:46:39,groove:A*29:02,concat_groove,mlp,tobit,5,27783,383,35.73,tied,0.4416,0.4416,0.4416,0.4416,1,0.3,0.0313,0.6554,0.6461,0.6757,0.0313,0.2663,0.2418,HLA-A*29:02,
2026-10-03 16:47:10,groove:A*29:02,joint_groove,mlp,naive,5,27783,383,30.17,tied,0.1833,0.1833,0.1833,0.1833,1,0.1,-0.0786,0.4178,0.9054,0.5169,-0.0786,0.1932,0.2204,HLA-A*29:02,
2026-10-03 16:47:41,groove:A*29:02,joint_groove,mlp,tobit,5,27783,383,30.61,tied,0.1423,0.1423,0.1423,0.1423,1,0.1,-0.0939,0.47,1.0526,0.6695,-0.0939,0.2219,0.2715,HLA-A*29:02,
2026-10-03 16:48:12,groove:A*29:02,concat_pseudo,mlp,naive,5,27783,383,31.0,tied,0.2897,0.2897,0.2897,0.2897,1,0.2,0.035,0.5248,0.7114,0.5435,0.035,0.2585,0.2396,HLA-A*29:02,
2026-10-03 16:48:39,groove:A*29:02,concat_pseudo,mlp,tobit,5,27783,383,26.68,tied,0.2432,0.2432,0.2432,0.2432,1,0.2,0.0831,0.611,0.7663,0.6983,0.0831,0.3159,0.321,HLA-A*29:02,
2026-10-03 16:49:05,groove:A*29:02,joint_pseudo,mlp,naive,5,27783,383,25.42,tied,0.1883,0.1883,0.1883,0.1883,1,0.2,-0.0075,0.4204,0.978,0.5544,-0.0075,0.2376,0.2818,HLA-A*29:02,
2026-10-03 16:49:33,groove:A*29:02,joint_pseudo,mlp,tobit,5,27783,383,27.98,tied,0.1522,0.1522,0.1522,0.1522,1,0.3,0.1002,0.4465,1.1492,0.6976,0.1002,0.2089,0.3203,HLA-A*29:02,
2026-10-03 16:50:00,groove:B*46:01,concat_groove,mlp,naive,5,27805,361,26.23,tied,-0.0023,-0.0023,-0.0023,-0.0023,1,0.0,-0.2049,0.2161,0.9348,0.555,-0.2049,0.1191,0.2841,HLA-B*46:01,
2026-10-03 16:50:29,groove:B*46:01,concat_groove,mlp,tobit,5,27805,361,29.55,tied,0.0002,0.0002,0.0002,0.0002,1,0.0,-0.1318,0.3435,0.84,0.6717,-0.1318,0.1662,0.2634,HLA-B*46:01,
2026-10-03 16:50:59,groove:B*46:01,joint_groove,mlp,naive,5,27805,361,29.22,tied,0.0563,0.0563,0.0563,0.0563,1,0.0,0.0276,0.3269,0.6066,0.4945,0.0276,0.1385,0.1886,HLA-B*46:01,
2026-10-03 16:51:27,groove:B*46:01,joint_groove,mlp,tobit,5,27805,361,28.38,tied,0.0506,0.0506,0.0506,0.0506,1,0.0,0.0562,0.4709,0.5895,0.6554,0.0562,0.1967,0.2636,HLA-B*46:01,
2026-10-03 16:51:56,groove:B*46:01,concat_pseudo,mlp,naive,5,27805,361,27.92,tied,0.2204,0.2204,0.2204,0.2204,1,0.2,0.0825,0.3823,0.9898,0.4994,0.0825,0.1496,0.1902,HLA-B*46:01,
2026-10-03 16:52:49,groove:B*46:01,concat_pseudo,mlp,tobit,5,27805,361,52.8,tied,0.2133,0.2133,0.2133,0.2133,1,0.2,-0.0313,0.4349,1.292,0.6539,-0.0313,0.1856,0.2368,HLA-B*46:01,
2026-10-03 16:53:40,groove:B*46:01,joint_pseudo,mlp,naive,5,27805,361,51.23,tied,0.1457,0.1457,0.1457,0.1457,1,0.2,-0.0674,0.4488,0.4825,0.5337,-0.0674,0.2327,0.2458,HLA-B*46:01,
2026-10-03 16:54:07,groove:B*46:01,joint_pseudo,mlp,tobit,5,27805,361,26.49,tied,0.1399,0.1399,0.1399,0.1399,1,0.2,-0.0024,0.4931,0.4905,0.6577,-0.0024,0.1856,0.243,HLA-B*46:01,
2026-10-03 16:54:42,groove:B*18:01,concat_groove,mlp,naive,5,27807,359,34.79,tied,0.0036,0.0036,0.0036,0.0036,1,0.0,0.031,0.39,0.8508,0.5181,0.031,0.1198,0.1659,HLA-B*18:01,
2026-10-03 16:55:28,groove:B*18:01,concat_groove,mlp,tobit,5,27807,359,45.61,tied,-0.0288,-0.0288,-0.0288,-0.0288,1,0.0,0.0302,0.4095,1.0734,0.6655,0.0302,0.1421,0.2389,HLA-B*18:01,
2026-10-03 16:56:15,groove:B*18:01,joint_groove,mlp,naive,5,27807,359,47.0,tied,0.0294,0.0294,0.0294,0.0294,1,0.0,0.0577,0.4986,0.6795,0.5321,0.0577,0.2117,0.2398,HLA-B*18:01,
2026-10-03 16:57:21,groove:B*18:01,joint_groove,mlp,tobit,5,27807,359,65.37,tied,0.0263,0.0263,0.0263,0.0263,1,0.0,0.0388,0.4039,1.0166,0.6753,0.0388,0.1894,0.2933,HLA-B*18:01,
2026-10-03 16:58:26,groove:B*18:01,concat_pseudo,mlp,naive,5,27807,359,64.1,tied,0.2274,0.2274,0.2274,0.2274,1,0.1,0.0567,0.2006,1.3199,0.5695,0.0567,0.0947,0.3065,HLA-B*18:01,
2026-10-03 16:59:27,groove:B*18:01,concat_pseudo,mlp,tobit,5,27807,359,60.04,tied,0.1407,0.1407,0.1407,0.1407,1,0.1,0.1251,0.078,2.1039,0.7196,0.1251,0.0362,0.3757,HLA-B*18:01,
2026-10-03 17:00:15,groove:B*18:01,joint_pseudo,mlp,naive,5,27807,359,47.51,tied,0.1024,0.1024,0.1024,0.1024,1,0.2,0.0536,0.3788,0.9352,0.5106,0.0536,0.1393,0.2148,HLA-B*18:01,
2026-10-03 17:01:03,groove:B*18:01,joint_pseudo,mlp,tobit,5,27807,359,48.59,tied,0.0424,0.0424,0.0424,0.0424,1,0.3,-0.1159,0.337,1.3354,0.716,-0.1159,0.1643,0.3582,HLA-B*18:01,
2026-10-03 17:02:02,groove:B*51:01,concat_groove,mlp,naive,5,27813,353,57.82,tied,0.4001,0.4001,0.4001,0.4001,1,0.2,0.1696,0.4618,1.8256,0.5701,0.1696,0.2776,0.2986,HLA-B*51:01,
2026-10-03 17:03:02,groove:B*51:01,concat_groove,mlp,tobit,5,27813,353,58.85,tied,0.4431,0.4431,0.4431,0.4431,1,0.2,-0.1707,0.0737,2.8067,0.739,-0.1707,0.0397,0.407,HLA-B*51:01,
2026-10-03 17:04:00,groove:B*51:01,joint_groove,mlp,naive,5,27813,353,57.78,tied,0.3547,0.3547,0.3547,0.3547,1,0.1,-0.0194,0.2578,0.8625,0.5356,-0.0194,0.1161,0.2754,HLA-B*51:01,
2026-10-03 17:05:02,groove:B*51:01,joint_groove,mlp,tobit,5,27813,353,61.58,tied,0.4316,0.4316,0.4316,0.4316,1,0.4,0.0265,0.4476,1.082,0.6562,0.0265,0.2125,0.2731,HLA-B*51:01,
2026-10-03 17:06:01,groove:B*51:01,concat_pseudo,mlp,naive,5,27813,353,58.05,tied,0.436,0.436,0.436,0.436,1,0.3,-0.0032,0.2975,0.9582,0.5252,-0.0032,0.102,0.2257,HLA-B*51:01,
2026-10-03 17:06:46,groove:B*51:01,concat_pseudo,mlp,tobit,5,27813,353,45.23,tied,0.4811,0.4811,0.4811,0.4811,1,0.2,-0.0996,0.5156,1.2982,0.7103,-0.0996,0.3003,0.363,HLA-B*51:01,
2026-10-03 17:07:32,groove:B*51:01,joint_pseudo,mlp,naive,5,27813,353,45.02,tied,0.4313,0.4313,0.4313,0.4313,1,0.2,0.0387,0.2606,0.7103,0.5206,0.0387,0.1076,0.2425,HLA-B*51:01,
2026-10-03 17:08:24,groove:B*51:01,joint_pseudo,mlp,tobit,5,27813,353,51.94,tied,0.4908,0.4908,0.4908,0.4908,1,0.4,0.0249,0.4844,0.8543,0.6705,0.0249,0.1813,0.2814,HLA-B*51:01,
2026-10-03 17:09:17,groove:B*44:05,concat_groove,mlp,naive,5,27814,352,52.67,tied,0.1987,0.1987,0.1987,0.1987,1,0.2,-0.0134,0.6364,0.6107,0.5771,-0.0134,0.4233,0.316,HLA-B*44:05,
2026-10-03 17:10:59,groove:B*44:05,concat_groove,mlp,tobit,5,27814,352,100.67,tied,0.2906,0.2906,0.2906,0.2906,1,0.3,-0.0951,0.6932,0.667,0.7015,-0.0951,0.3807,0.3216,HLA-B*44:05,
2026-10-03 17:12:24,groove:B*44:05,joint_groove,mlp,naive,5,27814,352,83.66,tied,0.0549,0.0549,0.0549,0.0549,1,0.2,0.1403,0.4489,0.7463,0.5173,0.1403,0.1705,0.2216,HLA-B*44:05,
2026-10-03 17:13:50,groove:B*44:05,joint_groove,mlp,tobit,5,27814,352,82.5,tied,0.117,0.117,0.117,0.117,1,0.2,0.0589,0.5284,0.8729,0.6965,0.0589,0.2557,0.3413,HLA-B*44:05,
2026-10-03 17:14:43,groove:B*44:05,concat_pseudo,mlp,naive,5,27814,352,52.89,tied,0.269,0.269,0.269,0.269,1,0.3,-0.0541,0.5739,0.6625,0.5099,-0.0541,0.2273,0.1985,HLA-B*44:05,
2026-10-03 17:15:47,groove:B*44:05,concat_pseudo,mlp,tobit,5,27814,352,62.77,tied,0.3125,0.3125,0.3125,0.3125,1,0.6,-0.1323,0.5909,0.7212,0.6543,-0.1323,0.2415,0.2304,HLA-B*44:05,
2026-10-03 17:16:38,groove:B*44:05,joint_pseudo,mlp,naive,5,27814,352,50.15,tied,0.2033,0.2033,0.2033,0.2033,1,0.3,0.1057,0.571,0.569,0.5142,0.1057,0.2386,0.2174,HLA-B*44:05,
2026-10-03 17:17:19,groove:B*44:05,joint_pseudo,mlp,tobit,5,27814,352,40.44,tied,0.2057,0.2057,0.2057,0.2057,1,0.2,0.0498,0.679,0.6143,0.6709,0.0498,0.3409,0.2722,HLA-B*44:05,
2026-10-03 17:17:49,groove:A*80:01,concat_groove,mlp,naive,5,27815,351,29.67,tied,0.3248,0.3248,0.3248,0.3248,1,0.2,0.1101,0.5641,0.4401,0.5806,0.1101,0.3191,0.3267,HLA-A*80:01,
2026-10-03 17:18:16,groove:A*80:01,concat_groove,mlp,tobit,5,27815,351,26.05,tied,0.2778,0.2778,0.2778,0.2778,1,0.2,-0.0477,0.7208,0.5433,0.6575,-0.0477,0.2678,0.2317,HLA-A*80:01,
2026-10-03 17:18:41,groove:A*80:01,joint_groove,mlp,naive,5,27815,351,25.76,tied,0.2386,0.2386,0.2386,0.2386,1,0.1,-0.0801,0.5242,0.4959,0.5327,-0.0801,0.2735,0.2561,HLA-A*80:01,
2026-10-03 17:19:09,groove:A*80:01,joint_groove,mlp,tobit,5,27815,351,27.7,tied,0.2324,0.2324,0.2324,0.2324,1,0.1,-0.0418,0.6581,0.537,0.6862,-0.0418,0.3504,0.3279,HLA-A*80:01,
2026-10-03 17:19:35,groove:A*80:01,concat_pseudo,mlp,naive,5,27815,351,25.53,tied,0.2652,0.2652,0.2652,0.2652,1,0.2,-0.0296,0.2507,0.6309,0.5059,-0.0296,0.1026,0.1951,HLA-A*80:01,
2026-10-03 17:20:17,groove:A*80:01,concat_pseudo,mlp,tobit,5,27815,351,41.76,tied,0.2873,0.2873,0.2873,0.2873,1,0.2,0.028,0.3875,0.6372,0.6625,0.028,0.1339,0.2616,HLA-A*80:01,
2026-10-03 17:21:00,groove:A*80:01,joint_pseudo,mlp,naive,5,27815,351,43.19,tied,0.3316,0.3316,0.3316,0.3316,1,0.2,-0.004,0.0741,1.1738,0.4884,-0.004,0.0199,0.1807,HLA-A*80:01,
2026-10-03 17:21:42,groove:A*80:01,joint_pseudo,mlp,tobit,5,27815,351,41.55,tied,0.3175,0.3175,0.3175,0.3175,1,0.3,-0.0703,0.1197,1.1943,0.6494,-0.0703,0.0342,0.2295,HLA-A*80:01,
2026-10-03 17:22:23,groove:A*01:01,concat_groove,mlp,naive,5,27946,220,39.47,tied,0.1106,0.1106,0.1106,0.1106,1,0.0,0.0599,0.3318,0.8466,0.5212,0.0599,0.1409,0.233,HLA-A*01:01,
2026-10-03 17:23:04,groove:A*01:01,concat_groove,mlp,tobit,5,27946,220,41.19,tied,0.1263,0.1263,0.1263,0.1263,1,0.0,0.0222,0.4818,0.8828,0.6566,0.0222,0.1636,0.2404,HLA-A*01:01,
2026-10-03 17:23:45,groove:A*01:01,joint_groove,mlp,naive,5,27946,220,40.17,tied,0.0291,0.0291,0.0291,0.0291,1,0.1,0.0462,0.4273,0.9929,0.496,0.0462,0.1636,0.2002,HLA-A*01:01,
2026-10-03 17:24:30,groove:A*01:01,joint_groove,mlp,tobit,5,27946,220,43.73,tied,0.0674,0.0674,0.0674,0.0674,1,0.2,-0.0502,0.4955,1.0189,0.647,-0.0502,0.1818,0.2634,HLA-A*01:01,
2026-10-03 17:25:09,groove:A*01:01,concat_pseudo,mlp,naive,5,27946,220,38.94,tied,0.0487,0.0487,0.0487,0.0487,1,0.1,0.0514,0.4,0.9065,0.5217,0.0514,0.1727,0.2189,HLA-A*01:01,
2026-10-03 17:26:05,groove:A*01:01,concat_pseudo,mlp,tobit,5,27946,220,54.42,tied,0.0781,0.0781,0.0781,0.0781,1,0.0,0.0438,0.5091,0.9277,0.6646,0.0438,0.2318,0.2819,HLA-A*01:01,
2026-10-03 17:27:05,groove:A*01:01,joint_pseudo,mlp,naive,5,27946,220,60.11,tied,0.0216,0.0216,0.0216,0.0216,1,0.3,-0.0392,0.2818,1.2291,0.4986,-0.0392,0.1182,0.2054,HLA-A*01:01,
2026-10-03 17:28:17,groove:A*01:01,joint_pseudo,mlp,tobit,5,27946,220,70.13,tied,0.025,0.025,0.025,0.025,1,0.3,-0.0357,0.3318,1.3521,0.6394,-0.0357,0.1318,0.2366,HLA-A*01:01,
